Country Name,Country Code,Series Name,Series Code,2002 [YR2002],2003 [YR2003],2004 [YR2004],2005 [YR2005],2006 [YR2006],2007 [YR2007],2008 [YR2008],2009 [YR2009],2010 [YR2010],2011 [YR2011],2012 [YR2012],2013 [YR2013],2014 [YR2014],2015 [YR2015],2016 [YR2016]
Afghanistan,AFG,"Gross enrollment ratio, primary, both sexes (%)",SE.PRM.ENRR,73.3095932,99.24848938,111.2605591,104.1713715,107.817421,104.6908188,106.4537735,102.2252884,105.5209274,102.8096313,108.9285202,110.0654373,111.744133,NA,NA
Albania,ALB,"Gross enrollment ratio, primary, both sexes (%)",SE.PRM.ENRR,101.5591965,100.0177994,98.38082123,101.4723587,99.59384155,99.09313202,99.51950073,97.52532959,99.01331329,101.8157425,104.7843933,107.7845612,112.4866409,NA,NA
Algeria,DZA,"Gross enrollment ratio, primary, both sexes (%)",SE.PRM.ENRR,105.1563721,106.0329895,107.0486984,107.7446594,108.2872086,109.6284027,109.3120575,112.4307404,115.4546127,116.7469177,118.2673569,119.7516632,118.7494736,NA,NA
American Samoa,ASM,"Gross enrollment ratio, primary, both sexes (%)",SE.PRM.ENRR,NA,NA,NA,NA,NA,NA,NA,NA,NA,NA,NA,NA,NA,NA,NA
Andorra,ADO,"Gross enrollment ratio, primary, both sexes (%)",SE.PRM.ENRR,NA,NA,NA,NA,NA,NA,NA,NA,NA,NA,NA,NA,NA,NA,NA
Angola,AGO,"Gross enrollment ratio, primary, both sexes (%)",SE.PRM.ENRR,NA,NA,NA,NA,NA,105.2104034,111.9137573,111.1583405,113.5078735,128.7041473,NA,NA,NA,NA,NA
Antigua and Barbuda,ATG,"Gross enrollment ratio, primary, both sexes (%)",SE.PRM.ENRR,NA,NA,NA,NA,NA,104.3192062,104.7472382,102.7987976,103.408989,100.6770477,97.89286041,NA,97.10739899,NA,NA
Argentina,ARG,"Gross enrollment ratio, primary, both sexes (%)",SE.PRM.ENRR,118.758522,116.5013123,117.8136368,117.1332932,118.8351974,119.3486862,119.4411621,118.2114105,116.7181625,114.7684708,112.9782562,110.5659866,NA,NA,NA
Armenia,ARM,"Gross enrollment ratio, primary, both sexes (%)",SE.PRM.ENRR,95.57846069,94.32559204,94.62056732,94.29905701,97.71125793,108.466713,107.5535812,102.4492416,NA,NA,NA,NA,NA,NA,NA
Aruba,ABW,"Gross enrollment ratio, primary, both sexes (%)",SE.PRM.ENRR,110.9983063,109.2143021,110.8390503,111.3767166,114.2385864,115.224411,113.0788269,113.7757416,113.7417831,105.2193985,104.0627594,116.108017,117.3180389,NA,NA
Australia,AUS,"Gross enrollment ratio, primary, both sexes (%)",SE.PRM.ENRR,101.150238,101.274971,101.8791199,102.3891525,103.0109634,104.9848633,105.0581284,105.3190613,105.7040863,105.9915009,106.4533234,106.5677719,NA,NA,NA
Austria,AUT,"Gross enrollment ratio, primary, both sexes (%)",SE.PRM.ENRR,101.3880081,100.6045532,100.8716888,100.9824905,101.6898117,101.7564621,100.7743683,100.2312622,99.83867645,99.86933136,100.7692795,101.5607224,102.2489777,NA,NA
Azerbaijan,AZE,"Gross enrollment ratio, primary, both sexes (%)",SE.PRM.ENRR,98.34942627,96.21324158,97.26132965,95.52696991,94.21665955,94.77120209,94.07247162,95.068573,93.76229858,95.57363129,97.95530701,100.5004501,106.0598907,NA,NA
"Bahamas, The",BHS,"Gross enrollment ratio, primary, both sexes (%)",SE.PRM.ENRR,94.44444275,NA,103.7418365,109.1632309,107.8449631,111.2169724,111.244339,107.3528976,107.8977509,NA,NA,NA,NA,NA,NA
Bahrain,BHR,"Gross enrollment ratio, primary, both sexes (%)",SE.PRM.ENRR,NA,NA,NA,NA,NA,NA,NA,NA,NA,NA,NA,NA,NA,NA,NA
Bangladesh,BGD,"Gross enrollment ratio, primary, both sexes (%)",SE.PRM.ENRR,NA,NA,NA,98.66104126,99.40104675,98.60388947,96.54550171,99.76931763,102.6562881,111.8765564,NA,NA,NA,NA,NA
Barbados,BRB,"Gross enrollment ratio, primary, both sexes (%)",SE.PRM.ENRR,96.76538849,96.65312195,94.96405792,96.13706207,98.25029755,99.67780304,101.2271805,100.5441513,99.70517731,98.41721344,NA,NA,93.62728119,NA,NA
Belarus,BLR,"Gross enrollment ratio, primary, both sexes (%)",SE.PRM.ENRR,111.0736694,100.9463882,98.62963104,97.30198669,98.436203,100.9466629,104.0266495,105.076683,103.449913,101.2123718,98.97614288,97.80240631,98.96627808,NA,NA
Belgium,BEL,"Gross enrollment ratio, primary, both sexes (%)",SE.PRM.ENRR,103.4199982,102.7209091,101.3165131,101.2247086,101.8401337,102.7928009,103.5233612,103.523262,103.2656403,103.1886215,103.5501633,105.1199722,104.8543167,NA,NA
Belize,BLZ,"Gross enrollment ratio, primary, both sexes (%)",SE.PRM.ENRR,107.2696075,111.1721115,112.8914108,113.3220596,113.7301178,113.1587601,112.3514404,113.0153809,112.550499,111.4111176,113.7917099,112.0314484,111.7301865,NA,NA
Benin,BEN,"Gross enrollment ratio, primary, both sexes (%)",SE.PRM.ENRR,94.3789978,97.84088898,101.5409088,98.54522705,98.79341888,NA,110.0333633,114.8725891,116.2887802,118.6075211,122.7695313,124.347908,125.561203,NA,NA
Bermuda,BMU,"Gross enrollment ratio, primary, both sexes (%)",SE.PRM.ENRR,101.509201,101.6246567,100.3965836,99.1047287,97.11438751,NA,NA,NA,92.28388977,89.83261108,87.50518799,86.45133972,87.47599792,NA,NA
Bhutan,BTN,"Gross enrollment ratio, primary, both sexes (%)",SE.PRM.ENRR,84.83978271,88.10613251,91.78125,94.57418823,97.62863922,100.5099182,103.0617371,106.8178024,109.4029694,111.0830307,110.9756165,104.8430176,102.1316986,NA,NA
Bolivia,BOL,"Gross enrollment ratio, primary, both sexes (%)",SE.PRM.ENRR,121.6269531,119.1049728,115.5439377,NA,113.4143295,112.6471634,111.5192337,NA,NA,NA,NA,NA,NA,NA,NA
Bosnia and Herzegovina,BIH,"Gross enrollment ratio, primary, both sexes (%)",SE.PRM.ENRR,NA,NA,NA,NA,NA,NA,NA,NA,NA,97.22232819,100.4945679,101.225708,100.1723175,NA,NA
Botswana,BWA,"Gross enrollment ratio, primary, both sexes (%)",SE.PRM.ENRR,107.5896683,107.6238022,107.1383896,107.1951675,107.6448669,106.6902695,106.4792175,107.5096664,NA,NA,108.0655823,108.5723877,NA,NA,NA
Brazil,BRA,"Gross enrollment ratio, primary, both sexes (%)",SE.PRM.ENRR,146.8277893,140.5444946,133.6963043,133.2621613,NA,128.1797943,132.0552063,131.1651611,NA,132.4966125,130.3760223,109.7704926,NA,NA,NA
British Virgin Islands,VGB,"Gross enrollment ratio, primary, both sexes (%)",SE.PRM.ENRR,103.0425186,100.0359802,99.75273895,99.45092773,97.62859344,98.99186707,NA,94.58724213,NA,95.00453949,95.53140259,96.20825195,97.58785248,NA,NA
Brunei Darussalam,BRN,"Gross enrollment ratio, primary, both sexes (%)",SE.PRM.ENRR,109.0295181,112.1398773,112.602272,112.0958862,111.7696991,110.9496765,108.5753479,107.6157913,107.1307373,107.4089508,106.7837296,107.4519424,107.4440308,NA,NA
Bulgaria,BGR,"Gross enrollment ratio, primary, both sexes (%)",SE.PRM.ENRR,104.9863205,105.8908081,105.115242,101.197197,98.64306641,100.3754883,101.5363693,102.9260178,103.6331711,101.5005112,100.1289368,99.37438965,99.0790329,NA,NA
Burkina Faso,BFA,"Gross enrollment ratio, primary, both sexes (%)",SE.PRM.ENRR,47.06068039,49.31790924,53.88323975,58.33338165,62.06523895,67.66522217,73.20320129,77.55835724,77.83035278,81.28205109,83.68218994,85.26255798,86.89006805,NA,NA
Burundi,BDI,"Gross enrollment ratio, primary, both sexes (%)",SE.PRM.ENRR,64.46746826,69.87505341,74.71753693,79.06214905,100.0449982,111.2996216,118.0977783,126.0699387,131.456955,135.1190491,133.3052826,130.4593048,127.6357727,NA,NA
Cabo Verde,CPV,"Gross enrollment ratio, primary, both sexes (%)",SE.PRM.ENRR,115.1781387,113.5362473,111.2929611,110.2146301,110.4459381,110.124939,110.538208,110.8786087,111.6826019,112.7966232,113.2207336,114.2315216,113.1533585,NA,NA
Cambodia,KHM,"Gross enrollment ratio, primary, both sexes (%)",SE.PRM.ENRR,128.9844971,131.0161438,131.4718933,130.4382477,128.377533,127.3904037,123.3103104,122.8362122,123.3898773,121.7045898,121.3544617,123.0083313,116.3896408,NA,NA
Cameroon,CMR,"Gross enrollment ratio, primary, both sexes (%)",SE.PRM.ENRR,97.9571991,97.9484024,102.2406006,100.3402328,99.31360626,101.3080215,101.6446762,103.871727,106.1925278,105.9060211,110.8113098,NA,113.5502396,NA,NA
Canada,CAN,"Gross enrollment ratio, primary, both sexes (%)",SE.PRM.ENRR,NA,NA,98.11682892,97.05580139,98.63130951,98.78649902,97.91333771,98.98703766,98.68959808,98.29531097,99.69377136,100.5723114,NA,NA,NA
Cayman Islands,CYM,"Gross enrollment ratio, primary, both sexes (%)",SE.PRM.ENRR,NA,NA,NA,NA,NA,NA,NA,NA,NA,NA,NA,NA,NA,NA,NA
Central African Republic,CAF,"Gross enrollment ratio, primary, both sexes (%)",SE.PRM.ENRR,68.66033173,68.08614349,58.47304916,65.03376007,64.75450134,75.01068115,86.83096313,88.86504364,91.80876923,92.5838089,93.45572662,NA,NA,NA,NA
Chad,TCD,"Gross enrollment ratio, primary, both sexes (%)",SE.PRM.ENRR,70.05877686,71.94307709,75.35385132,71.90290833,71.28170776,70.16066742,78.18197632,82.5393219,82.60771942,89.57610321,93.9981308,101.404068,NA,NA,NA
Channel Islands,CHI,"Gross enrollment ratio, primary, both sexes (%)",SE.PRM.ENRR,NA,NA,NA,NA,NA,NA,NA,NA,NA,NA,NA,NA,NA,NA,NA
Chile,CHL,"Gross enrollment ratio, primary, both sexes (%)",SE.PRM.ENRR,108.1068802,106.6762924,110.4935684,109.5047226,108.9910507,109.1213226,108.7578812,106.7561798,103.2851334,102.197052,101.7256012,100.1880798,100.5261383,NA,NA
China,CHN,"Gross enrollment ratio, primary, both sexes (%)",SE.PRM.ENRR,110.2409668,113.4654999,NA,NA,104.7535095,109.3653564,112.9970474,113.9523926,112.4739227,110.7839813,110.088768,108.7339478,103.9189682,NA,NA
Colombia,COL,"Gross enrollment ratio, primary, both sexes (%)",SE.PRM.ENRR,120.98703,NA,125.0216217,127.5044098,128.7162933,129.4152069,129.4988861,129.6851501,124.2846375,120.5187302,116.5612106,116.6210709,113.7466202,NA,NA
Comoros,COM,"Gross enrollment ratio, primary, both sexes (%)",SE.PRM.ENRR,111.2042465,109.5902176,107.4060287,NA,NA,102.7860489,107.2590408,NA,NA,106.3637238,NA,105.2490463,NA,NA,NA
"Congo, Dem. Rep.",ZAR,"Gross enrollment ratio, primary, both sexes (%)",SE.PRM.ENRR,64.08535004,NA,NA,NA,NA,88.94091034,96.94863892,96.1054306,95.74353027,97.03485107,101.4593811,102.9025879,106.9730911,NA,NA
"Congo, Rep.",COG,"Gross enrollment ratio, primary, both sexes (%)",SE.PRM.ENRR,106.3671188,100.7434464,112.5652313,111.8525925,112.1687469,109.6132126,107.2432785,111.0634689,113.0668793,113.3167725,110.8884583,NA,NA,NA,NA
Costa Rica,CRI,"Gross enrollment ratio, primary, both sexes (%)",SE.PRM.ENRR,111.7081833,NA,115.4069977,112.9710388,114.7821274,114.0111237,115.4865723,117.0318069,116.9942017,115.9748764,114.5540466,111.833313,110.7868729,NA,NA
Cote d'Ivoire,CIV,"Gross enrollment ratio, primary, both sexes (%)",SE.PRM.ENRR,76.95688629,72.4408493,NA,NA,69.16043091,69.65470886,73.61167908,72.95069122,NA,81.5593338,84.99391174,86.54437256,89.60569,NA,NA
Croatia,HRV,"Gross enrollment ratio, primary, both sexes (%)",SE.PRM.ENRR,99.76554108,101.7261276,NA,103.3187866,100.7027283,97.70210266,93.76159668,91.64961243,91.7927475,93.39820862,95.75022125,NA,98.87487793,NA,NA
Cuba,CUB,"Gross enrollment ratio, primary, both sexes (%)",SE.PRM.ENRR,100.4446716,98.44241333,98.59755707,98.86559296,99.23407745,100.0514297,100.5800934,102.259903,102.4280167,101.358429,99.84461212,97.55180359,98.11347198,NA,NA
Curacao,CUW,"Gross enrollment ratio, primary, both sexes (%)",SE.PRM.ENRR,NA,NA,NA,NA,NA,NA,NA,NA,NA,NA,NA,175.2441864,NA,NA,NA
Cyprus,CYP,"Gross enrollment ratio, primary, both sexes (%)",SE.PRM.ENRR,97.77345276,97.61051178,97.74523163,100.8579483,102.3869095,102.4738388,103.3517075,105.3647614,101.6243286,101.2005386,100.1753464,99.76197815,99.15271759,NA,NA
Czech Republic,CZE,"Gross enrollment ratio, primary, both sexes (%)",SE.PRM.ENRR,101.7266006,99.2080307,98.7841568,99.40908051,100.1909485,103.3758774,105.9328537,106.1737137,103.9991989,100.9491882,99.57389069,98.94242859,98.8651886,NA,NA
Denmark,DNK,"Gross enrollment ratio, primary, both sexes (%)",SE.PRM.ENRR,103.3920822,NA,100.813118,98.81240082,99.37619781,100.0709991,99.65422058,99.59220123,99.60513306,100.8024673,101.3751068,101.5692825,101.3319931,NA,NA
Djibouti,DJI,"Gross enrollment ratio, primary, both sexes (%)",SE.PRM.ENRR,36.75651169,38.80677032,41.22978973,43.44107819,46.78155899,50.00484848,60.4234314,59.73522949,NA,65.51165009,67.93322754,67.2782135,67.95456696,66.26309204,NA
Dominica,DMA,"Gross enrollment ratio, primary, both sexes (%)",SE.PRM.ENRR,108.2274094,103.9968185,100.3354034,99.39987183,98.08496857,99.67707825,101.3073502,104.733429,108.8113403,114.041481,119.0121307,118.2735825,117.9491119,NA,NA
Dominican Republic,DOM,"Gross enrollment ratio, primary, both sexes (%)",SE.PRM.ENRR,115.3736877,112.8727417,105.1703796,105.9766235,101.6888733,111.9089203,107.7286072,109.5429993,107.4461212,105.8355026,102.91436,102.9281235,100.6534882,NA,NA
Ecuador,ECU,"Gross enrollment ratio, primary, both sexes (%)",SE.PRM.ENRR,113.0507202,112.5536804,111.9520187,111.729187,111.6337433,112.9336319,NA,110.7757874,115.6183319,117.1989212,116.9832993,115.8208389,113.2722626,NA,NA
"Egypt, Arab Rep.",EGY,"Gross enrollment ratio, primary, both sexes (%)",SE.PRM.ENRR,96.29441071,97.97001648,99.66700745,100.305069,103.055809,105.1552811,NA,107.6641312,107.1078415,102.0531769,106.2045364,105.5357285,103.9297333,NA,NA
El Salvador,SLV,"Gross enrollment ratio, primary, both sexes (%)",SE.PRM.ENRR,116.5853424,119.3868637,122.7730637,123.3401337,123.3837967,129.8805695,122.0818405,120.8259277,120.8792267,119.7922821,117.8658905,115.262413,112.1894226,NA,NA
Equatorial Guinea,GNQ,"Gross enrollment ratio, primary, both sexes (%)",SE.PRM.ENRR,106.8420334,98.08408356,NA,96.20430756,NA,NA,81.14849854,80.70523834,81.56198883,81.54579926,84.45738983,NA,NA,NA,NA
Eritrea,ERI,"Gross enrollment ratio, primary, both sexes (%)",SE.PRM.ENRR,61.50107956,67.14526367,70.18131256,70.63191223,68.01191711,61.28168106,56.98571014,53.10298157,48.93296051,51.25677109,52.91733932,51.235569,NA,NA,NA
Estonia,EST,"Gross enrollment ratio, primary, both sexes (%)",SE.PRM.ENRR,102.3747406,101.1818085,99.67962646,98.91074371,97.70197296,98.90332794,101.6079407,103.0712814,103.0379562,101.7153473,101.7095718,100.6962128,NA,NA,NA
Ethiopia,ETH,"Gross enrollment ratio, primary, both sexes (%)",SE.PRM.ENRR,63.55118942,64.88963318,67.81620026,79.09095764,83.43901062,89.32125854,95.01277924,93.70031738,91.97376251,94.70565796,94.77941895,NA,100.1229095,NA,NA
Faroe Islands,FRO,"Gross enrollment ratio, primary, both sexes (%)",SE.PRM.ENRR,NA,NA,NA,NA,NA,NA,NA,NA,NA,NA,NA,NA,NA,NA,NA
Fiji,FJI,"Gross enrollment ratio, primary, both sexes (%)",SE.PRM.ENRR,105.8439407,108.5962067,112.6178818,NA,113.4680023,107.5303726,106.592453,105.11483,NA,104.8427582,104.9172592,105.5467911,NA,NA,NA
Finland,FIN,"Gross enrollment ratio, primary, both sexes (%)",SE.PRM.ENRR,100.5252914,99.81598663,98.93096161,98.56179047,98.1259613,98.52549744,98.80297852,98.9200592,99.12770844,99.43495178,100.4138107,100.826149,101.4284363,NA,NA
France,FRA,"Gross enrollment ratio, primary, both sexes (%)",SE.PRM.ENRR,104.0633087,103.7358322,103.2196121,108.9119186,109.149971,109.7601318,109.7228012,109.0777283,108.262619,107.7210236,106.230072,105.6433105,105.3583603,NA,NA
French Polynesia,PYF,"Gross enrollment ratio, primary, both sexes (%)",SE.PRM.ENRR,NA,NA,NA,NA,NA,NA,NA,NA,NA,NA,NA,NA,NA,NA,NA
Gabon,GAB,"Gross enrollment ratio, primary, both sexes (%)",SE.PRM.ENRR,142.4627075,138.9768524,NA,NA,NA,NA,NA,NA,NA,141.9934235,NA,NA,NA,NA,NA
"Gambia, The",GMB,"Gross enrollment ratio, primary, both sexes (%)",SE.PRM.ENRR,89.5355072,93.0845108,93.66539001,90.70256805,88.54490662,89.77757263,87.35315704,NA,84.35131836,81.47180176,84.01344299,85.16796875,85.76540375,NA,NA
Georgia,GEO,"Gross enrollment ratio, primary, both sexes (%)",SE.PRM.ENRR,92.35395813,92.24169159,94.71575928,95.08524323,100.6180115,107.3008118,110.1425323,110.483017,109.9229813,110.7276764,114.5301285,116.9001923,116.8619614,NA,NA
Germany,DEU,"Gross enrollment ratio, primary, both sexes (%)",SE.PRM.ENRR,104.7427063,104.1538391,104.7348938,104.6836624,105.5820007,105.9588776,105.0134964,104.2170792,103.6879883,103.105751,103.0903015,103.0388031,103.33461,NA,NA
Ghana,GHA,"Gross enrollment ratio, primary, both sexes (%)",SE.PRM.ENRR,83.72650909,80.08522034,83.79238129,90.35444641,95.35131073,100.9746094,106.7331619,105.5455093,NA,106.6694107,109.7110672,108.4762802,106.4636612,109.9253998,NA
Gibraltar,GIB,"Gross enrollment ratio, primary, both sexes (%)",SE.PRM.ENRR,NA,NA,NA,NA,NA,NA,NA,NA,NA,NA,NA,NA,NA,NA,NA
Greece,GRC,"Gross enrollment ratio, primary, both sexes (%)",SE.PRM.ENRR,97.63342285,98.685112,99.78009796,99.0832901,98.89067841,98.70374298,NA,NA,100.2539673,99.32935333,99.29279327,98.60083008,NA,NA,NA
Greenland,GRL,"Gross enrollment ratio, primary, both sexes (%)",SE.PRM.ENRR,NA,NA,NA,NA,NA,NA,NA,NA,NA,NA,NA,NA,NA,NA,NA
Grenada,GRD,"Gross enrollment ratio, primary, both sexes (%)",SE.PRM.ENRR,107.2385101,106.1592636,104.0313034,96.96868134,NA,96.27059174,99.65519714,104.5779572,103.3744431,NA,NA,102.6722717,103.1267319,NA,NA
Guam,GUM,"Gross enrollment ratio, primary, both sexes (%)",SE.PRM.ENRR,NA,NA,NA,NA,NA,NA,NA,NA,NA,NA,NA,NA,NA,NA,NA
Guatemala,GTM,"Gross enrollment ratio, primary, both sexes (%)",SE.PRM.ENRR,105.1771927,NA,110.5579834,111.4879684,112.2704086,112.4042969,113.0121689,117.284729,117.0072327,115.4257431,110.6746292,107.5487518,103.5915985,NA,NA
Guinea,GIN,"Gross enrollment ratio, primary, both sexes (%)",SE.PRM.ENRR,69.52690125,73.32543945,76.80081177,79.15830231,80.93504333,82.8649826,83.65454865,82.9730072,84.56021118,87.30740356,88.670578,90.08528137,91.25817871,NA,NA
Guinea-Bissau,GNB,"Gross enrollment ratio, primary, both sexes (%)",SE.PRM.ENRR,NA,NA,103.4740524,110.7981796,116.7619934,NA,NA,NA,113.6549835,NA,NA,NA,NA,NA,NA
Guyana,GUY,"Gross enrollment ratio, primary, both sexes (%)",SE.PRM.ENRR,NA,98.50676727,NA,99.31186676,92.9807663,92.490242,91.2252121,85.86206818,85.37081146,86.29354858,85.43836975,NA,NA,NA,NA
Haiti,HTI,"Gross enrollment ratio, primary, both sexes (%)",SE.PRM.ENRR,NA,NA,NA,NA,NA,NA,NA,NA,NA,NA,NA,NA,NA,NA,NA
Honduras,HND,"Gross enrollment ratio, primary, both sexes (%)",SE.PRM.ENRR,NA,115.4546432,114.603241,111.5871811,116.7274399,112.8363419,115.2745514,114.8880615,116.5826874,116.1793365,113.2668915,110.7950287,109.1496277,NA,NA
"Hong Kong SAR, China",HKG,"Gross enrollment ratio, primary, both sexes (%)",SE.PRM.ENRR,NA,NA,NA,NA,NA,NA,NA,NA,NA,NA,102.5401764,105.8274536,111.0258331,NA,NA
Hungary,HUN,"Gross enrollment ratio, primary, both sexes (%)",SE.PRM.ENRR,99.03938293,98.13069916,97.48351288,98.08616638,99.40265656,99.48642731,101.5307693,102.1933594,102.0826035,101.1075974,100.3002472,100.0732117,101.5117493,NA,NA
Iceland,ISL,"Gross enrollment ratio, primary, both sexes (%)",SE.PRM.ENRR,100.1049881,99.39672852,97.89572906,97.93224335,97.94584656,98.04138947,98.64282227,99.12690735,98.68829346,98.54683685,98.66706848,NA,NA,NA,NA
India,IND,"Gross enrollment ratio, primary, both sexes (%)",SE.PRM.ENRR,95.02355957,102.9623489,NA,NA,NA,110.2214432,110.8635025,109.5730286,109.1836472,108.3747177,109.7577515,110.5846481,NA,NA,NA
Indonesia,IDN,"Gross enrollment ratio, primary, both sexes (%)",SE.PRM.ENRR,109.9067078,109.4723434,108.829361,107.7922287,106.0453873,109.0557404,107.5075073,108.1407089,108.656311,108.6352463,108.691452,106.3430328,105.7409592,NA,NA
"Iran, Islamic Rep.",IRN,"Gross enrollment ratio, primary, both sexes (%)",SE.PRM.ENRR,99.97196198,99.40917969,100.3162384,100.0843201,103.6945572,104.896492,106.1582413,107.1237335,105.7618866,105.4044495,105.2823486,118.3960876,109.1840897,NA,NA
Iraq,IRQ,"Gross enrollment ratio, primary, both sexes (%)",SE.PRM.ENRR,NA,105.9069672,104.4006577,NA,NA,108.1218033,NA,NA,NA,NA,NA,NA,NA,NA,NA
Ireland,IRL,"Gross enrollment ratio, primary, both sexes (%)",SE.PRM.ENRR,106.0957565,106.972023,107.1159668,106.6860275,106.7267838,108.0107574,108.027977,107.9256973,106.7894821,105.2078781,103.6377563,102.8611069,NA,NA,NA
Isle of Man,IMY,"Gross enrollment ratio, primary, both sexes (%)",SE.PRM.ENRR,NA,NA,NA,NA,NA,NA,NA,NA,NA,NA,NA,NA,NA,NA,NA
Israel,ISR,"Gross enrollment ratio, primary, both sexes (%)",SE.PRM.ENRR,105.8631973,105.4005737,105.0619888,103.5446167,102.6209488,103.1577225,102.5333176,102.904953,104.2485809,104.9834824,105.5940781,104.500412,104.1763687,NA,NA
Italy,ITA,"Gross enrollment ratio, primary, both sexes (%)",SE.PRM.ENRR,101.5268326,101.1869888,100.9971313,101.4477081,102.4923172,103.516777,103.6099472,102.7151108,102.1432037,101.6664963,100.8574905,101.8940277,NA,NA,NA
Jamaica,JAM,"Gross enrollment ratio, primary, both sexes (%)",SE.PRM.ENRR,96.99537659,95.58766174,97.24514008,NA,NA,NA,NA,NA,NA,NA,NA,NA,NA,NA,NA
Japan,JPN,"Gross enrollment ratio, primary, both sexes (%)",SE.PRM.ENRR,101.1022415,101.3231506,101.8598404,101.9082413,102.088913,101.9826889,101.4906769,101.9602966,102.1928635,102.6288681,102.3000412,101.5752411,NA,NA,NA
Jordan,JOR,"Gross enrollment ratio, primary, both sexes (%)",SE.PRM.ENRR,105.7026978,107.0124283,107.0836411,105.5499725,103.1163101,100.0045776,97.53838348,NA,91.01065063,89.78766632,88.71904755,NA,NA,NA,NA
Kazakhstan,KAZ,"Gross enrollment ratio, primary, both sexes (%)",SE.PRM.ENRR,100.9882584,101.9571075,102.6666183,101.7064133,100.5959702,101.822319,106.0378189,107.2134705,107.5972595,108.5714874,109.1691818,110.6585083,111.3487701,110.5636826,NA
Kenya,KEN,"Gross enrollment ratio, primary, both sexes (%)",SE.PRM.ENRR,91.90972137,107.3709412,107.4184494,107.6782608,105.5734024,112.6296387,112.3023987,113.2679977,NA,NA,116.1312485,NA,111.3958588,NA,NA
Kiribati,KIR,"Gross enrollment ratio, primary, both sexes (%)",SE.PRM.ENRR,110.6139832,116.1446762,111.874733,111.9802933,108.4102707,106.0121002,110.6740799,110.8136978,NA,NA,NA,NA,113.1121216,NA,NA
"Korea, Dem. People’s Rep.",PRK,"Gross enrollment ratio, primary, both sexes (%)",SE.PRM.ENRR,NA,NA,NA,NA,NA,NA,NA,99.78939056,NA,NA,NA,NA,NA,NA,NA
"Korea, Rep.",KOR,"Gross enrollment ratio, primary, both sexes (%)",SE.PRM.ENRR,103.4708481,107.4832993,110.0963287,111.6266937,107.9708481,105.7519226,103.2878036,101.4111862,101.9159775,102.5046921,101.362648,99.041008,NA,NA,NA
Kosovo,KSV,"Gross enrollment ratio, primary, both sexes (%)",SE.PRM.ENRR,NA,NA,NA,NA,NA,NA,NA,NA,NA,NA,NA,NA,NA,NA,NA
Kuwait,KWT,"Gross enrollment ratio, primary, both sexes (%)",SE.PRM.ENRR,108.9784622,109.9151688,108.9412918,108.7072601,103.57798,104.8392105,101.5178375,101.6311035,102.8022079,106.8013687,105.9889221,104.1896896,102.6835098,NA,NA
Kyrgyz Republic,KGZ,"Gross enrollment ratio, primary, both sexes (%)",SE.PRM.ENRR,95.42067719,96.02071381,97.12503815,97.73885345,98.85112762,97.37610626,97.5433197,97.36158752,97.97509766,98.43942261,102.9465332,106.0738907,107.6717987,NA,NA
Lao PDR,LAO,"Gross enrollment ratio, primary, both sexes (%)",SE.PRM.ENRR,105.7041473,107.8138885,109.4397736,111.6938477,113.8465881,115.4752121,118.2203979,120.7234802,122.9248734,121.650238,120.0650406,118.8621292,116.3394928,NA,NA
Latvia,LVA,"Gross enrollment ratio, primary, both sexes (%)",SE.PRM.ENRR,98.37654877,96.8397522,94.27629852,93.65904236,94.91207123,97.59755707,101.1564026,103.7886429,105.8476868,105.2959213,104.3839188,102.7310104,100.4082108,NA,NA
Lebanon,LBN,"Gross enrollment ratio, primary, both sexes (%)",SE.PRM.ENRR,120.1522675,112.4017181,107.486557,103.3642426,100.6442719,101.9793015,102.5866699,104.0386429,104.7297668,103.7496414,99.08582306,97.14633179,NA,NA,NA
Lesotho,LSO,"Gross enrollment ratio, primary, both sexes (%)",SE.PRM.ENRR,118.6004791,120.8320923,119.1893616,117.1377335,117.4122391,110.9100113,110.1876907,109.374321,110.4907379,110.9714127,110.9631729,107.9747314,107.0942078,NA,NA
Liberia,LBR,"Gross enrollment ratio, primary, both sexes (%)",SE.PRM.ENRR,NA,NA,NA,NA,92.52455139,NA,93.25567627,99.63815308,NA,102.3847122,NA,NA,95.64746857,NA,NA
Libya,LBY,"Gross enrollment ratio, primary, both sexes (%)",SE.PRM.ENRR,108.8124313,109.5625687,112.1531296,108.1710663,114.5395584,NA,NA,NA,NA,NA,NA,NA,NA,NA,NA
Liechtenstein,LIE,"Gross enrollment ratio, primary, both sexes (%)",SE.PRM.ENRR,NA,106.1243973,109.1522217,NA,107.5119629,107.1121674,105.5256729,105.6987076,105.4591827,104.9505005,103.8280029,NA,102.6609879,NA,NA
Lithuania,LTU,"Gross enrollment ratio, primary, both sexes (%)",SE.PRM.ENRR,104.6699524,100.5434113,96.97093964,94.63964844,95.70108032,98.02536774,98.99343109,100.46315,100.0809097,98.66911316,99.5406723,100.9770966,102.4602203,NA,NA
Luxembourg,LUX,"Gross enrollment ratio, primary, both sexes (%)",SE.PRM.ENRR,100.3130493,99.39919281,100.1447067,100.8060837,101.4633408,101.5256729,100.6099319,NA,97.6169281,96.56111908,97.04454803,96.54360199,NA,NA,NA
"Macao SAR, China",MAC,"Gross enrollment ratio, primary, both sexes (%)",SE.PRM.ENRR,NA,NA,NA,NA,NA,NA,NA,NA,NA,NA,NA,NA,NA,NA,NA
"Macedonia, FYR",MKD,"Gross enrollment ratio, primary, both sexes (%)",SE.PRM.ENRR,97.41950226,95.25422668,94.54633331,94.29434967,92.50257874,91.09217072,85.85774231,85.50847626,85.59890747,NA,85.75721741,NA,NA,NA,NA
Madagascar,MDG,"Gross enrollment ratio, primary, both sexes (%)",SE.PRM.ENRR,102.1856918,117.2645493,133.6620636,138.3220825,138.1116943,139.2682495,142.3454437,149.9517365,144.577774,144.4774628,145.1858673,145.2469635,146.744812,NA,NA
Malawi,MWI,"Gross enrollment ratio, primary, both sexes (%)",SE.PRM.ENRR,136.4830627,NA,129.2651062,127.1659775,126.7708893,123.9610519,131.2834473,130.0533447,136.7475739,138.9832458,140.1616516,145.8815765,146.5065308,NA,NA
Malaysia,MYS,"Gross enrollment ratio, primary, both sexes (%)",SE.PRM.ENRR,95.87081146,96.97216797,100.0126266,101.3327713,100.8308792,100.4375916,100.4269333,100.7202606,101.2435532,102.1452332,103.8284302,106.2458496,106.8787689,NA,NA
Maldives,MDV,"Gross enrollment ratio, primary, both sexes (%)",SE.PRM.ENRR,124.0989304,123.8145981,122.3968887,116.096611,114.3137436,108.8731537,105.2535095,102.428009,NA,NA,NA,NA,NA,NA,NA
Mali,MLI,"Gross enrollment ratio, primary, both sexes (%)",SE.PRM.ENRR,65.63153076,67.10214233,70.10105896,73.23419189,76.05522919,78.59349823,80.63246155,82.16953278,83.02407074,83.95950317,80.85401154,76.12657928,77.19281006,NA,NA
Malta,MLT,"Gross enrollment ratio, primary, both sexes (%)",SE.PRM.ENRR,101.1813812,100.0662689,99.80402374,96.6810379,96.2014389,94.10749054,92.6366806,87.61451721,91.13955688,89.82202911,90.67021179,93.59790802,97.48512268,NA,NA
Marshall Islands,MHL,"Gross enrollment ratio, primary, both sexes (%)",SE.PRM.ENRR,120.4539185,109.7603226,120.7199326,116.0495605,115.7938995,112.272789,110.4461823,107.6528702,NA,105.4020691,NA,NA,NA,NA,NA
Mauritania,MRT,"Gross enrollment ratio, primary, both sexes (%)",SE.PRM.ENRR,83.00359344,84.86633301,91.0337677,90.75408173,93.19716644,94.29486084,90.03250122,95.1592865,96.29503632,95.0072937,95.86981964,96.26986694,97.97109985,NA,NA
Mauritius,MUS,"Gross enrollment ratio, primary, both sexes (%)",SE.PRM.ENRR,101.4913483,101.4003372,102.031311,103.2264023,103.9654999,103.6567917,103.88311,102.8646698,102.7860184,103.0405807,103.1760712,102.2215805,102.6977768,NA,NA
Mexico,MEX,"Gross enrollment ratio, primary, both sexes (%)",SE.PRM.ENRR,105.5559082,105.1349335,104.1028214,103.0189438,101.7454987,101.6324463,101.8531189,102.90728,103.4065399,104.0360413,104.6514435,104.324913,103.3891983,NA,NA
"Micronesia, Fed. Sts.",FSM,"Gross enrollment ratio, primary, both sexes (%)",SE.PRM.ENRR,NA,NA,113.1544724,111.3263397,NA,111.6458588,NA,NA,NA,NA,NA,NA,97.63204956,NA,NA
Moldova,MDA,"Gross enrollment ratio, primary, both sexes (%)",SE.PRM.ENRR,99.47888947,99.48654175,99.82285309,97.89131165,96.65267181,94.41767883,94.02986908,93.57756042,93.54077911,93.60298157,93.79797363,93.76831055,93.06421661,NA,NA
Monaco,MCO,"Gross enrollment ratio, primary, both sexes (%)",SE.PRM.ENRR,NA,NA,NA,NA,NA,NA,NA,NA,NA,NA,NA,NA,NA,NA,NA
Mongolia,MNG,"Gross enrollment ratio, primary, both sexes (%)",SE.PRM.ENRR,102.0610428,105.3989792,108.5178223,97.96661377,100.7962875,100.0192337,103.5194321,114.4853897,125.6966934,122.0638428,116.9176636,108.9292068,101.6784286,NA,NA
Montenegro,MNE,"Gross enrollment ratio, primary, both sexes (%)",SE.PRM.ENRR,NA,107.3160095,108.1383667,112.6497116,116.9968567,118.2142334,119.4759674,112.513588,106.7764816,95.40838623,95.27854156,NA,NA,94.30671692,NA
Morocco,MAR,"Gross enrollment ratio, primary, both sexes (%)",SE.PRM.ENRR,101.6416931,104.2231979,104.6127777,105.0330811,105.005722,106.9748306,107.2277832,108.1508713,112.2755127,115.0585785,116.5086823,116.7140427,116.1342468,NA,NA
Mozambique,MOZ,"Gross enrollment ratio, primary, both sexes (%)",SE.PRM.ENRR,81.69239044,NA,89.87521362,96.10501099,98.03314209,103.6561813,107.6289063,107.8491669,108.8768387,105.0680389,104.0015869,104.2298737,104.1223526,NA,NA
Myanmar,MMR,"Gross enrollment ratio, primary, both sexes (%)",SE.PRM.ENRR,97.29189301,99.03795624,99.01953125,98.28540039,97.83576202,97.71810913,98.45777893,97.04405975,96.72332764,NA,NA,NA,99.65828705,NA,NA
Namibia,NAM,"Gross enrollment ratio, primary, both sexes (%)",SE.PRM.ENRR,113.2719574,112.6082306,109.7842178,109.0531921,108.1256332,109.6577225,108.762352,108.2280121,107.6651535,NA,109.5130005,111.4281082,NA,NA,NA
Nauru,NRU,"Gross enrollment ratio, primary, both sexes (%)",SE.PRM.ENRR,97.20670319,87.85942078,101.1243362,125.2246017,104.3445663,92.09545135,92.95774841,NA,NA,NA,95.18247986,NA,104.9900208,NA,NA
Nepal,NPL,"Gross enrollment ratio, primary, both sexes (%)",SE.PRM.ENRR,118.0723114,115.6102219,116.5935516,115.3215714,127.9683533,128.1320038,125.7934265,137.2763672,142.2854462,145.4078827,142.641922,138.5165405,135.2338257,135.4335022,NA
Netherlands,NLD,"Gross enrollment ratio, primary, both sexes (%)",SE.PRM.ENRR,107.8956604,107.8364105,107.1230621,106.8643799,107.0931702,107.7743912,108.4541626,108.9093399,109.1568375,108.8608017,107.5799637,106.1551971,104.4383926,NA,NA
New Caledonia,NCL,"Gross enrollment ratio, primary, both sexes (%)",SE.PRM.ENRR,NA,NA,NA,NA,NA,NA,NA,NA,NA,NA,NA,NA,NA,NA,NA
New Zealand,NZL,"Gross enrollment ratio, primary, both sexes (%)",SE.PRM.ENRR,97.28475189,98.35162354,98.45922852,99.62898254,100.0370712,100.3922729,100.7311172,100.8683395,101.0886536,99.81523132,98.57495117,98.51785278,98.63333893,NA,NA
Nicaragua,NIC,"Gross enrollment ratio, primary, both sexes (%)",SE.PRM.ENRR,116.4637527,117.5403366,120.0344315,121.0668488,124.7657623,124.0885391,124.0155182,NA,123.2591782,NA,NA,NA,NA,NA,NA
Niger,NER,"Gross enrollment ratio, primary, both sexes (%)",SE.PRM.ENRR,40.11851883,43.30101013,47.22388077,48.92116928,49.53668976,52.02917862,55.89913177,59.69412994,63.38890839,67.27239227,69.3842392,70.22579956,70.60041809,NA,NA
Nigeria,NGA,"Gross enrollment ratio, primary, both sexes (%)",SE.PRM.ENRR,97.64417267,NA,100.2601395,100.9334717,101.6728134,92.9023819,83.75980377,84.99313354,84.7188797,NA,NA,NA,NA,NA,NA
Northern Mariana Islands,MNP,"Gross enrollment ratio, primary, both sexes (%)",SE.PRM.ENRR,NA,NA,NA,NA,NA,NA,NA,NA,NA,NA,NA,NA,NA,NA,NA
Norway,NOR,"Gross enrollment ratio, primary, both sexes (%)",SE.PRM.ENRR,100.2682724,100.0580521,99.43080139,98.58247375,98.63913727,99.17321777,99.33680725,99.15959167,99.00771332,99.27304077,99.8311615,100.3335876,100.1427231,NA,NA
Oman,OMN,"Gross enrollment ratio, primary, both sexes (%)",SE.PRM.ENRR,93.21206665,91.22712708,NA,88.69039154,86.20253754,89.05687714,93.47820282,103.3237381,NA,104.5457001,106.8318405,110.9420166,110.2559509,NA,NA
Pakistan,PAK,"Gross enrollment ratio, primary, both sexes (%)",SE.PRM.ENRR,75.68919373,78.20591736,83.29524231,88.12991333,84.97676086,91.18395996,92.19429779,93.98731232,95.74098206,91.97470093,91.41506958,89.81497955,93.5630722,NA,NA
Palau,PLW,"Gross enrollment ratio, primary, both sexes (%)",SE.PRM.ENRR,NA,110.0942917,102.884079,102.2083817,102.983223,101.4454727,NA,NA,NA,NA,NA,114.3845062,114.2956772,NA,NA
Panama,PAN,"Gross enrollment ratio, primary, both sexes (%)",SE.PRM.ENRR,109.3739319,107.9594803,108.8594513,107.289093,107.4382706,108.7027817,107.9816895,106.9187164,107.0152512,107.0668793,106.2182083,105.3258133,NA,NA,NA
Papua New Guinea,PNG,"Gross enrollment ratio, primary, both sexes (%)",SE.PRM.ENRR,61.67179108,57.70512009,57.2672081,58.11077881,56.40428162,NA,60.45463943,NA,NA,NA,114.7354126,NA,NA,NA,NA
Paraguay,PRY,"Gross enrollment ratio, primary, both sexes (%)",SE.PRM.ENRR,117.8977432,113.6182022,112.1666336,111.9390717,109.1089935,106.9852066,105.233551,104.0106964,103.926033,102.9475021,105.9861679,NA,NA,NA,NA
Peru,PER,"Gross enrollment ratio, primary, both sexes (%)",SE.PRM.ENRR,120.4581528,118.9409866,118.0298386,117.4749298,116.8002167,116.516861,112.8914413,111.1047897,110.3650818,107.35672,101.4414215,103.1087036,101.4220963,NA,NA
Philippines,PHL,"Gross enrollment ratio, primary, both sexes (%)",SE.PRM.ENRR,107.9742813,107.8193436,106.8225327,105.9883881,104.0318375,104.5191574,106.4454498,108.8748932,NA,NA,NA,116.8188705,NA,NA,NA
Poland,POL,"Gross enrollment ratio, primary, both sexes (%)",SE.PRM.ENRR,97.41285706,96.94612122,96.57723236,96.25237274,96.47019196,96.67642212,96.85621643,97.63110352,98.62190247,99.48322296,101.5202713,101.3105621,NA,NA,NA
Portugal,PRT,"Gross enrollment ratio, primary, both sexes (%)",SE.PRM.ENRR,119.1687469,119.6448135,118.7925186,118.3356476,118.2662811,117.3033676,116.0114899,113.5094986,111.9470291,111.1645813,110.0086288,109.9207764,108.5115585,NA,NA
Puerto Rico,PRI,"Gross enrollment ratio, primary, both sexes (%)",SE.PRM.ENRR,NA,NA,NA,NA,NA,NA,NA,93.79328156,94.74958801,87.47731018,89.10469818,89.53308105,NA,NA,NA
Qatar,QAT,"Gross enrollment ratio, primary, both sexes (%)",SE.PRM.ENRR,110.7405701,113.4545135,106.0634613,102.5854874,89.62558746,95.89846802,95.15590668,97.35688782,97.41536713,101.3638306,NA,NA,NA,NA,NA
Romania,ROM,"Gross enrollment ratio, primary, both sexes (%)",SE.PRM.ENRR,100.7660065,104.4556808,110.9963989,108.6860809,104.7653275,103.2036209,97.89328766,97.65133667,97.26421356,96.5918808,95.54051971,NA,NA,NA,NA
Russian Federation,RUS,"Gross enrollment ratio, primary, both sexes (%)",SE.PRM.ENRR,113.9620895,121.0805588,NA,95.27004242,95.04656219,95.69316864,97.51965332,99.21211243,NA,100.9241104,101.1954117,100.239769,98.56413269,NA,NA
Rwanda,RWA,"Gross enrollment ratio, primary, both sexes (%)",SE.PRM.ENRR,114.2113113,124.4999466,134.3261261,136.598114,142.7153168,145.8513947,143.3842163,143.7927246,142.3409576,141.6907349,141.3010406,137.7434235,133.5823212,NA,NA
Samoa,WSM,"Gross enrollment ratio, primary, both sexes (%)",SE.PRM.ENRR,104.9321213,107.4371338,108.9692078,109.3670502,108.6017303,107.9439392,NA,106.4181671,110.755928,106.528717,105.1540222,NA,106.1592102,NA,NA
San Marino,SMR,"Gross enrollment ratio, primary, both sexes (%)",SE.PRM.ENRR,NA,NA,NA,NA,NA,NA,NA,92.94606018,94.37463379,91.94117737,93.30171967,NA,NA,NA,NA
Sao Tome and Principe,STP,"Gross enrollment ratio, primary, both sexes (%)",SE.PRM.ENRR,124.2498779,127.4460373,128.7066193,129.7504425,NA,122.923027,123.9076691,124.6228714,121.9735413,122.2981567,114.3913116,114.5774231,111.7435532,113.6001968,NA
Saudi Arabia,SAU,"Gross enrollment ratio, primary, both sexes (%)",SE.PRM.ENRR,NA,NA,NA,93.0454483,NA,94.81881714,96.00885773,97.32264709,99.16947937,99.60887909,102.2705612,107.3789063,108.7161484,NA,NA
Senegal,SEN,"Gross enrollment ratio, primary, both sexes (%)",SE.PRM.ENRR,70.89884949,74.75862122,76.90316772,78.73561096,78.82829285,82.3258667,82.69660187,82.20213318,81.91661072,80.97888184,81.15817261,NA,80.87622833,NA,NA
Serbia,SRB,"Gross enrollment ratio, primary, both sexes (%)",SE.PRM.ENRR,102.1195221,101.065239,101.5549393,102.7470932,101.8395462,101.062149,100.6295776,97.68579865,95.89575958,101.4934464,100.571312,100.8955383,101.1311569,NA,NA
Seychelles,SYC,"Gross enrollment ratio, primary, both sexes (%)",SE.PRM.ENRR,105.5153503,106.3636398,102.6509933,109.0650635,NA,107.7166138,107.7378006,107.9214096,110.6714325,110.3986816,108.8441315,105.9814529,104.1484528,NA,NA
Sierra Leone,SLE,"Gross enrollment ratio, primary, both sexes (%)",SE.PRM.ENRR,NA,NA,NA,NA,NA,NA,NA,NA,NA,125.2941437,128.3204041,130.0459595,NA,NA,NA
Singapore,SGP,"Gross enrollment ratio, primary, both sexes (%)",SE.PRM.ENRR,NA,NA,NA,NA,NA,NA,NA,NA,NA,NA,NA,NA,NA,NA,NA
Sint Maarten (Dutch part),SXM,"Gross enrollment ratio, primary, both sexes (%)",SE.PRM.ENRR,NA,NA,NA,NA,NA,NA,NA,NA,NA,NA,NA,NA,NA,NA,NA
Slovak Republic,SVK,"Gross enrollment ratio, primary, both sexes (%)",SE.PRM.ENRR,99.95008087,98.94860077,98.17935181,98.63033295,100.9612427,103.4837799,104.5728989,103.7043228,102.3395081,101.3167496,101.6278915,101.757843,100.9806824,NA,NA
Slovenia,SVN,"Gross enrollment ratio, primary, both sexes (%)",SE.PRM.ENRR,104.9907227,110.4789124,122.0871124,100.1774368,101.3925018,97.74684143,97.92459869,98.22000122,98.29949188,98.39272308,98.93791199,98.98313904,99.30357361,NA,NA
Solomon Islands,SLB,"Gross enrollment ratio, primary, both sexes (%)",SE.PRM.ENRR,94.89821625,NA,NA,100.8136826,106.3718414,107.4321671,NA,NA,115.0045166,116.0997772,113.2700119,114.4345322,113.8727264,NA,NA
Somalia,SOM,"Gross enrollment ratio, primary, both sexes (%)",SE.PRM.ENRR,NA,NA,NA,NA,NA,29.20210075,NA,NA,NA,NA,NA,NA,NA,NA,NA
South Africa,ZAF,"Gross enrollment ratio, primary, both sexes (%)",SE.PRM.ENRR,103.1636581,102.7178192,101.8113708,99.59098816,98.18670654,98.64890289,97.71826172,96.8759613,96.25382233,96.31582642,97.62976074,98.5015564,99.72310638,NA,NA
South Sudan,SSD,"Gross enrollment ratio, primary, both sexes (%)",SE.PRM.ENRR,NA,NA,NA,NA,NA,NA,NA,NA,NA,84.24507141,NA,NA,NA,NA,NA
Spain,ESP,"Gross enrollment ratio, primary, both sexes (%)",SE.PRM.ENRR,103.6195297,103.4767075,103.732048,103.156723,103.8186035,105.5859299,107.0335388,107.1672592,105.7843018,104.7597504,103.5467682,105.5625,104.6902313,NA,NA
Sri Lanka,LKA,"Gross enrollment ratio, primary, both sexes (%)",SE.PRM.ENRR,106.0275116,102.7791138,97.67597198,99.62741089,98.97540283,98.38672638,97.41358185,95.07788849,99.70716095,99.74160004,100.0958023,100.6485977,101.2704468,NA,NA
St. Kitts and Nevis,KNA,"Gross enrollment ratio, primary, both sexes (%)",SE.PRM.ENRR,99.81401062,100.0938187,100.2980423,99.12581635,NA,93.16226196,96.59803009,94.25595093,93.46981049,90.22885132,87.88748932,84.65615845,83.71916962,NA,NA
St. Lucia,LCA,"Gross enrollment ratio, primary, both sexes (%)",SE.PRM.ENRR,103.4834518,103.3912582,102.0608368,103.0829086,107.4057465,100.2959518,NA,NA,NA,NA,NA,NA,NA,NA,NA
St. Martin (French part),MAF,"Gross enrollment ratio, primary, both sexes (%)",SE.PRM.ENRR,NA,NA,NA,NA,NA,NA,NA,NA,NA,NA,NA,NA,NA,NA,NA
St. Vincent and the Grenadines,VCT,"Gross enrollment ratio, primary, both sexes (%)",SE.PRM.ENRR,114.4787521,119.3937073,114.1295166,118.17099,NA,108.9541016,108.1314392,105.9630432,105.0352936,99.64208221,105.3229599,105.3002167,104.710289,NA,NA
Sudan,SDN,"Gross enrollment ratio, primary, both sexes (%)",SE.PRM.ENRR,58.37591934,59.71640015,60.87554169,61.97542191,66.28147888,65.79666138,71.12716675,70.56642151,69.89643097,67.74221802,69.11643982,70.40174866,NA,NA,NA
Suriname,SUR,"Gross enrollment ratio, primary, both sexes (%)",SE.PRM.ENRR,100.5149536,NA,NA,112.4483032,113.9231567,110.1772537,116.6384583,118.4586411,NA,120.271431,NA,117.6540375,119.9550781,NA,NA
Swaziland,SWZ,"Gross enrollment ratio, primary, both sexes (%)",SE.PRM.ENRR,94.44499969,95.18598938,100.7339935,103.1446686,108.1720276,110.4629517,NA,110.8115387,115.7728271,114.9945068,114.3398819,113.2667999,NA,NA,NA
Sweden,SWE,"Gross enrollment ratio, primary, both sexes (%)",SE.PRM.ENRR,108.5608063,107.3464737,97.37956238,95.87082672,95.71234894,96.7317276,98.75776672,99.9686203,101.5207596,100.5015564,101.9753571,120.4627228,120.9007568,NA,NA
Switzerland,CHE,"Gross enrollment ratio, primary, both sexes (%)",SE.PRM.ENRR,104.331398,103.7370987,103.0746613,102.056221,101.735611,101.8349304,102.2593384,102.5565491,102.5842514,102.8688889,102.9093399,103.3546524,103.2310028,NA,NA
Syrian Arab Republic,SYR,"Gross enrollment ratio, primary, both sexes (%)",SE.PRM.ENRR,112.1932602,122.0260773,121.613678,121.3021317,119.2201996,118.2152328,118.4906921,119.0248108,122.2353134,128.6764679,130.9213257,80.10088348,NA,NA,NA
Tajikistan,TJK,"Gross enrollment ratio, primary, both sexes (%)",SE.PRM.ENRR,96.60035706,98.83885193,98.51345825,98.94245148,98.18180084,97.12068176,99.23905945,99.3107605,100.0423889,99.42752838,98.95062256,98.98621368,97.34558868,98.18959808,NA
Tanzania,TZA,"Gross enrollment ratio, primary, both sexes (%)",SE.PRM.ENRR,88.45033264,94.75663757,99.79057312,103.5957489,106.6347885,108.2709885,108.7501602,102.8001099,98.95530701,NA,90.10475922,86.76834106,NA,NA,NA
Thailand,THA,"Gross enrollment ratio, primary, both sexes (%)",SE.PRM.ENRR,98.30423737,NA,99.06455231,98.32312775,96.86351013,97.27977753,97.85839844,97.41174316,96.1026535,96.62766266,97.4781189,97.90364838,103.6888885,NA,NA
Timor-Leste,TMP,"Gross enrollment ratio, primary, both sexes (%)",SE.PRM.ENRR,113.3755112,107.8416977,102.076767,94.34722137,NA,NA,108.743103,118.434639,131.1471252,134.822937,135.2060547,136.0673981,136.8142548,NA,NA
Togo,TGO,"Gross enrollment ratio, primary, both sexes (%)",SE.PRM.ENRR,116.95047,114.581192,113.5640869,112.7041473,116.5992279,110.6960297,111.4785614,125.8522263,128.3691559,125.867363,128.4820251,128.7080536,125.1124802,NA,NA
Tonga,TON,"Gross enrollment ratio, primary, both sexes (%)",SE.PRM.ENRR,110.7549896,116.3945084,112.1575623,112.0084229,111.351387,110.6148911,108.4667435,108.0597229,108.3403015,108.6842804,110.4115906,109.7601318,108.0740967,NA,NA
Trinidad and Tobago,TTO,"Gross enrollment ratio, primary, both sexes (%)",SE.PRM.ENRR,96.51348114,100.5296097,101.7163467,99.26072693,NA,104.6196136,106.3330231,106.5302811,106.1602936,NA,NA,NA,NA,NA,NA
Tunisia,TUN,"Gross enrollment ratio, primary, both sexes (%)",SE.PRM.ENRR,114.5243988,113.7703018,112.7311707,111.7445374,109.7748108,105.9609833,104.9123688,105.4829178,107.2289734,107.7200165,109.8686066,111.2818069,113.0734863,NA,NA
Turkey,TUR,"Gross enrollment ratio, primary, both sexes (%)",SE.PRM.ENRR,106.2732315,103.1724319,103.1524582,103.1570435,102.7080078,103.0920715,102.7649994,100.4087372,101.5518036,101.2253036,98.60662079,106.8639679,NA,NA,NA
Turkmenistan,TKM,"Gross enrollment ratio, primary, both sexes (%)",SE.PRM.ENRR,NA,NA,NA,NA,NA,NA,NA,NA,NA,NA,NA,NA,89.36720276,NA,NA
Turks and Caicos Islands,TCA,"Gross enrollment ratio, primary, both sexes (%)",SE.PRM.ENRR,NA,NA,NA,NA,NA,NA,NA,NA,NA,NA,NA,NA,NA,NA,NA
Tuvalu,TUV,"Gross enrollment ratio, primary, both sexes (%)",SE.PRM.ENRR,91.05748749,94.11765289,97.09544373,99.51956177,100.0685425,NA,NA,NA,NA,NA,NA,NA,101.3552094,NA,NA
Uganda,UGA,"Gross enrollment ratio, primary, both sexes (%)",SE.PRM.ENRR,137.9927826,138.3829498,129.3638458,122.7124176,121.1567383,119.9467392,122.4333191,123.2364731,120.2518234,112.3779068,NA,109.886467,NA,NA,NA
Ukraine,UKR,"Gross enrollment ratio, primary, both sexes (%)",SE.PRM.ENRR,124.6660385,96.43817902,95.81526184,105.9020996,99.97496796,98.14134216,97.70645905,98.88626099,102.7456131,106.7401962,107.9575729,107.8058624,103.914711,NA,NA
United Arab Emirates,ARE,"Gross enrollment ratio, primary, both sexes (%)",SE.PRM.ENRR,NA,99.10974121,103.4887466,105.5068436,104.0567169,103.0905304,NA,97.32917023,99.69960785,99.0844574,101.4232025,100.9739532,106.7116699,NA,NA
United Kingdom,GBR,"Gross enrollment ratio, primary, both sexes (%)",SE.PRM.ENRR,99.79078674,99.90814972,105.8047104,106.2709885,105.04879,103.174263,105.2619171,104.9610367,105.8608017,106.2576218,108.2431488,108.7408981,108.2402115,NA,NA
United States,USA,"Gross enrollment ratio, primary, both sexes (%)",SE.PRM.ENRR,100.5940704,100.5753937,100.0040283,100.7020874,101.5988464,102.7861023,103.3816299,102.3355179,100.6018219,99.89647675,99.56440735,99.42176819,99.53204346,NA,NA
Uruguay,URY,"Gross enrollment ratio, primary, both sexes (%)",SE.PRM.ENRR,110.1983719,111.1576538,112.6292496,113.8982697,115.293808,114.6920013,113.9373093,113.3674316,112.0714035,NA,NA,109.7259674,NA,NA,NA
Uzbekistan,UZB,"Gross enrollment ratio, primary, both sexes (%)",SE.PRM.ENRR,102.8112793,102.6952515,102.6408463,102.6542206,101.104187,99.02243805,97.40213776,96.12915802,96.73621368,96.86116791,NA,NA,NA,NA,NA
Vanuatu,VUT,"Gross enrollment ratio, primary, both sexes (%)",SE.PRM.ENRR,121.6835022,125.1525192,121.2234421,117.7063599,111.6634979,112.453537,113.8138123,113.5782928,122.4935608,NA,NA,123.745903,NA,NA,NA
"Venezuela, RB",VEN,"Gross enrollment ratio, primary, both sexes (%)",SE.PRM.ENRR,104.6982498,102.9771576,103.0126266,102.7835312,102.7301636,104.6171112,101.9282608,102.2441101,101.6785812,101.4411163,101.5306931,102.030632,100.8450012,NA,NA
Vietnam,VNM,"Gross enrollment ratio, primary, both sexes (%)",SE.PRM.ENRR,102.383728,99.57644653,98.33364105,97.16143036,97.58717346,99.25359344,101.1171494,101.7598877,105.0877304,106.503273,106.9586334,107.5177917,109.3546906,NA,NA
Virgin Islands (U.S.),VIR,"Gross enrollment ratio, primary, both sexes (%)",SE.PRM.ENRR,NA,NA,NA,NA,NA,NA,NA,NA,NA,NA,NA,NA,NA,NA,NA
West Bank and Gaza,WBG,"Gross enrollment ratio, primary, both sexes (%)",SE.PRM.ENRR,93.33479309,91.68453979,88.47226715,88.19516754,87.12644958,87.18914795,88.3812027,89.27735901,90.68554688,92.10694122,94.13726807,94.18139648,94.91425323,NA,NA
"Yemen, Rep.",YEM,"Gross enrollment ratio, primary, both sexes (%)",SE.PRM.ENRR,78.59493256,81.69519043,85.09525299,87.82946777,NA,NA,89.10401154,NA,90.82636261,94.90891266,94.42503357,97.48796082,NA,NA,NA
Zambia,ZMB,"Gross enrollment ratio, primary, both sexes (%)",SE.PRM.ENRR,80.0341568,NA,99.27349091,110.5868912,112.2416077,113.6861572,115.0299301,108.8441315,107.5977097,109.0175476,109.2106476,103.652977,NA,NA,NA
Zimbabwe,ZWE,"Gross enrollment ratio, primary, both sexes (%)",SE.PRM.ENRR,97.45442963,96.10444641,NA,NA,NA,NA,NA,NA,NA,NA,102.4469833,99.93785858,NA,NA,NA
