Country Name,Country Code,Series Name,Series Code,1992 [YR1992],1993 [YR1993],1994 [YR1994],1995 [YR1995],1996 [YR1996],1997 [YR1997],1998 [YR1998],1999 [YR1999],2000 [YR2000],2001 [YR2001],2002 [YR2002],2003 [YR2003],2004 [YR2004],2005 [YR2005],2006 [YR2006],2007 [YR2007],2008 [YR2008],2009 [YR2009],2010 [YR2010],2011 [YR2011],2012 [YR2012],2013 [YR2013],2014 [YR2014],2015 [YR2015]
Afghanistan,AFG,Military expenditure (% of GDP),MS.MIL.XPND.GD.ZS,NA,NA,NA,NA,NA,NA,NA,NA,NA,NA,NA,NA,2.369786136,1.950429571,1.861299883,2.237069422,2.328002758,2.060751318,1.897472751,1.778592618,1.144715113,1.061433481,1.334356678,1.034450985
Albania,ALB,Military expenditure (% of GDP),MS.MIL.XPND.GD.ZS,4.448451975,3.199297902,2.500385762,2.099713037,1.379028731,1.283081574,1.238243077,1.249208821,1.246359339,1.309292251,1.320034991,1.336844537,1.381158684,1.350005455,1.567769463,1.82076528,1.984868857,1.51721714,1.558591893,1.528266338,1.487082577,1.408458226,1.341473951,1.155336684
Algeria,DZA,Military expenditure (% of GDP),MS.MIL.XPND.GD.ZS,2.194237699,2.55660378,3.137780742,2.9562443,3.094124505,3.637364334,3.965659634,3.755079887,3.433394,3.820692661,3.700826659,3.251210213,3.283886286,2.834176701,2.643808854,2.923322152,3.024746182,3.848515513,3.5180232,4.325836241,4.461326765,4.961963811,5.556059831,6.237946609
American Samoa,ASM,Military expenditure (% of GDP),MS.MIL.XPND.GD.ZS,NA,NA,NA,NA,NA,NA,NA,NA,NA,NA,NA,NA,NA,NA,NA,NA,NA,NA,NA,NA,NA,NA,NA,NA
Andorra,ADO,Military expenditure (% of GDP),MS.MIL.XPND.GD.ZS,NA,NA,NA,NA,NA,NA,NA,NA,NA,NA,NA,NA,NA,NA,NA,NA,NA,NA,NA,NA,NA,NA,NA,NA
Angola,AGO,Military expenditure (% of GDP),MS.MIL.XPND.GD.ZS,7.679230769,17.5472119,5.709593679,4.707392768,2.447848157,5.972251161,2.642007707,17.33469221,6.392603154,4.524353815,3.510235068,4.722133792,4.162414738,4.834841974,4.714844928,3.362231849,3.758214638,4.386128818,4.244884292,3.495619369,3.593357737,4.876031618,5.400287266,3.515384509
Antigua and Barbuda,ATG,Military expenditure (% of GDP),MS.MIL.XPND.GD.ZS,NA,NA,NA,NA,NA,NA,NA,NA,NA,NA,NA,NA,NA,NA,NA,NA,NA,NA,NA,NA,NA,NA,NA,NA
Argentina,ARG,Military expenditure (% of GDP),MS.MIL.XPND.GD.ZS,1.422532823,1.422803061,1.457038533,1.473074534,1.241228405,1.140139111,1.136317072,1.220359548,1.148823687,1.184234644,1.091880479,1.060893646,0.883295359,0.843934081,0.7847769,0.7889733,0.759438884,0.882496325,0.810499365,0.759933854,0.780600599,0.834513592,0.872450095,0.862948056
Armenia,ARM,Military expenditure (% of GDP),MS.MIL.XPND.GD.ZS,2.095489753,2.121652479,NA,4.05931198,3.281866893,3.909403452,3.528096049,3.697375386,3.560024873,3.127249385,2.697714749,2.728372214,2.741996705,2.871931363,2.947613156,3.042574701,3.395579363,4.157049908,4.265646056,3.853946441,3.583766919,3.997244557,3.931550782,4.235989201
Aruba,ABW,Military expenditure (% of GDP),MS.MIL.XPND.GD.ZS,NA,NA,NA,NA,NA,NA,NA,NA,NA,NA,NA,NA,NA,NA,NA,NA,NA,NA,NA,NA,NA,NA,NA,NA
Australia,AUS,Military expenditure (% of GDP),MS.MIL.XPND.GD.ZS,2.215748817,2.230453546,2.186599231,2.086856326,1.981624319,1.921401146,1.921930288,1.941738964,1.898814641,1.930954977,1.941429914,1.911529623,1.893647825,1.880242405,1.895674734,1.890322806,1.885832992,1.931767344,1.951808957,1.828989321,1.698136744,1.686912016,1.805117829,1.950071802
Austria,AUT,Military expenditure (% of GDP),MS.MIL.XPND.GD.ZS,1.099642857,1.113739022,1.097019517,1.063664944,1.038253691,1.019597081,0.992196272,0.980245979,0.980318028,0.908241361,0.883529203,0.913639409,0.893480392,0.853723727,0.789783772,0.905658929,0.876167774,0.838783241,0.824770261,0.794737315,0.78238589,0.753225047,0.756523995,0.67820745
Azerbaijan,AZE,Military expenditure (% of GDP),MS.MIL.XPND.GD.ZS,2.489574905,4.93372888,3.683168507,2.736901303,2.254230341,2.324049799,2.412355913,2.625109931,2.267862063,2.312062608,2.243321171,2.426362555,2.629450312,2.299069675,3.417753863,2.864194919,3.291211146,3.325421682,2.791004357,4.670135555,4.723215113,4.578205524,4.55781667,5.611558707
"Bahamas, The",BHS,Military expenditure (% of GDP),MS.MIL.XPND.GD.ZS,NA,NA,NA,NA,NA,NA,NA,NA,NA,NA,NA,NA,NA,NA,NA,NA,NA,NA,NA,NA,NA,NA,NA,NA
Bahrain,BHR,Military expenditure (% of GDP),MS.MIL.XPND.GD.ZS,5.877742947,5.370019946,5.111301944,5.183232026,5.273939994,5.0684872,5.333103953,5.503113296,3.96167098,4.148081656,4.611106587,4.658832831,4.044928886,3.214394465,3.102947728,2.956986615,2.800164265,3.610531063,3.277759332,3.558422317,3.843682741,4.096366062,4.358108108,4.436546246
Bangladesh,BGD,Military expenditure (% of GDP),MS.MIL.XPND.GD.ZS,0.001393662,0.001486643,0.001625597,0.001637604,0.001406007,0.001452923,0.001450155,0.001468352,0.001438584,0.001351377,0.001255852,0.001201068,0.001196547,0.001165342,0.001185741,0.00119443,0.0011239,0.001232581,0.00141879,0.001458662,0.001414613,0.001334151,0.00137178,0.001372527
Barbados,BRB,Military expenditure (% of GDP),MS.MIL.XPND.GD.ZS,NA,NA,NA,NA,NA,NA,NA,NA,NA,NA,NA,NA,NA,NA,NA,NA,NA,NA,NA,NA,NA,NA,NA,NA
Belarus,BLR,Military expenditure (% of GDP),MS.MIL.XPND.GD.ZS,1.622498648,2.790971461,3.621608255,1.699469369,1.260691246,1.768966069,1.49509849,1.366759067,1.34698592,1.438287564,1.400244086,1.29906358,1.358222749,1.498453135,1.709412492,1.649765914,1.453492852,1.372576981,1.39023238,1.266061758,1.284389433,1.328507757,1.32821866,1.325167008
Belgium,BEL,Military expenditure (% of GDP),MS.MIL.XPND.GD.ZS,1.750186857,1.658140453,1.601954804,1.536415016,1.507673357,1.445817789,1.406115399,1.382981337,1.341210276,1.276506088,1.21571265,1.214986007,1.149271369,1.091559357,1.051239508,1.094533714,1.213897974,1.160040254,1.084631376,1.043507621,1.038335566,1.003119628,0.977253202,0.917912981
Belize,BLZ,Military expenditure (% of GDP),MS.MIL.XPND.GD.ZS,1.021174396,1.09498699,1.359936075,1.298556746,1.24198257,1.435854188,NA,NA,0.855229013,0.855029176,0.839624896,0.863555814,0.896738668,0.961311842,1.008921656,1.06614656,1.367630684,1.291554947,1.097781286,1.03693566,0.967141819,1.093527354,1.033857934,1.113563528
Benin,BEN,Military expenditure (% of GDP),MS.MIL.XPND.GD.ZS,NA,NA,NA,NA,NA,NA,NA,0.663365739,0.564235731,0.489234998,0.851197745,0.884527271,0.924055932,0.93065751,0.909814422,NA,0.907423061,NA,NA,NA,0.963682432,0.943969252,0.971146128,1.07237872
Bermuda,BMU,Military expenditure (% of GDP),MS.MIL.XPND.GD.ZS,NA,NA,NA,NA,NA,NA,NA,NA,NA,NA,NA,NA,NA,NA,NA,NA,NA,NA,NA,NA,NA,NA,NA,NA
Bhutan,BTN,Military expenditure (% of GDP),MS.MIL.XPND.GD.ZS,NA,NA,NA,NA,NA,NA,NA,NA,NA,NA,NA,NA,NA,NA,NA,NA,NA,NA,NA,NA,NA,NA,NA,NA
Bolivia,BOL,Military expenditure (% of GDP),MS.MIL.XPND.GD.ZS,2.50611815,1.916352239,2.250297814,2.096164014,1.986805055,2.273612157,2.691109365,2.133288202,2.062971519,2.264905361,2.029450836,2.145790846,1.924981795,1.772542641,1.567656204,1.686577804,1.962272052,1.994105732,1.666248802,1.684120001,1.845594672,1.840906753,1.896840612,1.612430195
Bosnia and Herzegovina,BIH,Military expenditure (% of GDP),MS.MIL.XPND.GD.ZS,NA,NA,NA,NA,NA,NA,NA,NA,NA,NA,3.624072153,2.416656871,1.996645883,1.543919077,1.386327224,1.236336584,1.221333125,1.377619015,1.281273953,1.137368298,1.146868893,1.088505683,1.027868809,1.014135273
Botswana,BWA,Military expenditure (% of GDP),MS.MIL.XPND.GD.ZS,4.29248734,4.463109003,4.001495461,3.506409083,2.899490534,3.197192243,3.779391425,3.092100594,3.191233589,3.831250643,4.110224895,4.007360569,3.505881777,2.858011393,2.695116768,2.801452657,3.036968181,3.215593502,2.726855147,2.357962199,2.270411811,2.016515031,2.386534331,2.796339986
Brazil,BRA,Military expenditure (% of GDP),MS.MIL.XPND.GD.ZS,1.521626663,1.927770437,1.97308864,1.82250671,1.654844676,1.57768864,1.662291952,1.645473844,1.730724806,1.951881656,1.895770251,1.503477107,1.461269314,1.524013814,1.481084895,1.466292046,1.441924135,1.538625399,1.539406585,1.412730488,1.381194662,1.333238032,1.351679441,1.386668297
British Virgin Islands,VGB,Military expenditure (% of GDP),MS.MIL.XPND.GD.ZS,NA,NA,NA,NA,NA,NA,NA,NA,NA,NA,NA,NA,NA,NA,NA,NA,NA,NA,NA,NA,NA,NA,NA,NA
Brunei Darussalam,BRN,Military expenditure (% of GDP),MS.MIL.XPND.GD.ZS,6.016140866,5.697919807,6.407176037,6.035767511,6.418965756,7.101205132,7.256637168,5.61754521,4.069210092,3.886214044,3.870758675,3.711424264,2.532726738,2.608095406,2.558186746,2.638350895,2.514964776,3.258857366,3.158471685,2.488536112,2.425761502,2.557831499,3.085720482,2.737053991
Bulgaria,BGR,Military expenditure (% of GDP),MS.MIL.XPND.GD.ZS,2.97310757,2.609568418,2.49238965,2.380784223,2.112915306,2.182695199,2.189749735,2.64517441,2.672172536,2.87226097,2.786897403,2.700166772,2.493817765,2.345433634,2.189156344,2.305759931,1.898904721,1.860144966,1.789099658,1.455681435,1.507290086,1.617157228,1.473467738,1.349965135
Burkina Faso,BFA,Military expenditure (% of GDP),MS.MIL.XPND.GD.ZS,2.118653166,1.891744829,1.596541948,1.549170175,1.435960425,1.574935993,1.408061617,1.38460355,1.392430725,1.309456569,1.324823431,1.206865304,1.357519347,1.351771098,1.242719527,1.5922666,1.397904517,1.521455111,1.377515952,1.294759759,1.323006425,1.316918067,1.626986597,NA
Burundi,BDI,Military expenditure (% of GDP),MS.MIL.XPND.GD.ZS,3.599734108,3.863536669,4.530615485,4.209072987,5.856328392,6.359393232,6.571714143,6.258234519,4.861850184,6.071040806,5.441041579,5.532779782,4.902661624,4.435617345,3.512254715,3.414900143,2.721230834,NA,NA,NA,2.385018691,2.2420093,2.009842197,2.149827716
Cabo Verde,CPV,Military expenditure (% of GDP),MS.MIL.XPND.GD.ZS,0.996156323,0.557769741,0.843963058,1.274077201,0.84902739,0.836178851,0.864732816,0.844799646,1.261261698,0.823865509,0.728028801,0.710453146,0.698044079,0.728660854,0.630491126,0.52470317,0.601269382,0.490877611,0.495061947,0.523241665,0.555765135,0.534067225,0.537031322,0.547456228
Cambodia,KHM,Military expenditure (% of GDP),MS.MIL.XPND.GD.ZS,NA,1.761288595,3.842342793,3.577311888,3.238454376,3.003352617,2.662043769,2.510034122,2.20981321,1.776677795,1.519617528,1.447518854,1.29674221,1.127579071,1.043100079,0.914612028,0.798217508,1.313127999,1.493096881,1.497788708,1.547939822,1.575896014,1.658979246,NA
Cameroon,CMR,Military expenditure (% of GDP),MS.MIL.XPND.GD.ZS,1.522533117,1.326126262,1.310339497,1.25164434,1.224839059,1.301241322,1.396508406,1.443852984,1.324748865,1.290360035,1.338506756,1.383814217,1.401603832,1.344866645,1.431108112,1.452144824,1.486073738,1.468127321,1.498802573,1.306930983,1.338949242,1.328622977,1.252788882,1.211764441
Canada,CAN,Military expenditure (% of GDP),MS.MIL.XPND.GD.ZS,1.821285469,1.779124049,1.65663509,1.519319688,1.370733341,1.217056716,1.226374834,1.21448824,1.11808088,1.137368973,1.120852292,1.115878799,1.107966027,1.110669655,1.125832408,1.188901783,1.248621382,1.381043981,1.197152932,1.196083782,1.121099973,1.00769319,1.000890503,0.969375098
Cayman Islands,CYM,Military expenditure (% of GDP),MS.MIL.XPND.GD.ZS,NA,NA,NA,NA,NA,NA,NA,NA,NA,NA,NA,NA,NA,NA,NA,NA,NA,NA,NA,NA,NA,NA,NA,NA
Central African Republic,CAF,Military expenditure (% of GDP),MS.MIL.XPND.GD.ZS,1.642125317,1.497087845,1.255882652,1.16678192,1.210192071,NA,NA,NA,NA,NA,1.077475347,1.31773243,1.189184355,1.140204375,NA,1.125507296,1.587183334,1.816210849,2.59742643,NA,NA,NA,NA,NA
Chad,TCD,Military expenditure (% of GDP),MS.MIL.XPND.GD.ZS,1.877096744,2.678972413,1.877714736,1.385562309,1.544558526,1.075879454,0.922917332,1.36522796,1.541381137,1.532300729,1.725196702,1.496336428,1.144773061,0.834877634,3.004423666,4.504561526,5.906398955,7.98513575,5.778138694,5.015529644,NA,5.609788197,2.818392656,2.02944821
Channel Islands,CHI,Military expenditure (% of GDP),MS.MIL.XPND.GD.ZS,NA,NA,NA,NA,NA,NA,NA,NA,NA,NA,NA,NA,NA,NA,NA,NA,NA,NA,NA,NA,NA,NA,NA,NA
Chile,CHL,Military expenditure (% of GDP),MS.MIL.XPND.GD.ZS,2.628512426,2.706925605,2.658070742,2.562062548,2.513022177,2.560865483,2.661292952,2.798979023,2.652054546,2.617046581,2.506946831,2.348625823,2.476464807,2.412496729,2.411660704,2.286882789,2.530689754,2.186766649,2.163718471,2.168819381,2.064675294,2.04611359,1.981731712,1.920784716
China,CHN,Military expenditure (% of GDP),MS.MIL.XPND.GD.ZS,2.530371948,2.039987473,1.787538329,1.722235604,1.691735518,1.680821966,1.709557041,1.930081238,1.902496448,2.092370499,2.198333519,2.128969329,2.078166836,2.015738643,2.027184738,1.932684458,1.895648986,2.0878686,1.915672685,1.841410752,1.860712934,1.873927788,1.928801683,1.976385196
Colombia,COL,Military expenditure (% of GDP),MS.MIL.XPND.GD.ZS,2.497385801,3.006959334,2.508408425,2.831626279,4.445376084,2.801799373,3.440977855,3.762741934,3.031683539,3.323872819,3.417127624,3.463988691,3.465015174,3.352873388,3.276130639,3.266739663,3.709744276,3.863294541,3.631148564,3.072783411,3.166777069,3.288824583,3.130404248,3.377165983
Comoros,COM,Military expenditure (% of GDP),MS.MIL.XPND.GD.ZS,NA,NA,NA,NA,NA,NA,NA,NA,NA,NA,NA,NA,NA,NA,NA,NA,NA,NA,NA,NA,NA,NA,NA,NA
"Congo, Dem. Rep.",ZAR,Military expenditure (% of GDP),MS.MIL.XPND.GD.ZS,1.039548023,4.382243685,NA,NA,1.54674774,1.376250017,0.428432721,1.158153933,0.220260773,NA,NA,0.880641831,1.336616943,1.380795458,1.43463136,1.254075621,0.833062936,0.670095586,0.894993238,1.001246892,1.210687713,1.24763607,1.041130848,1.394178017
"Congo, Rep.",COG,Military expenditure (% of GDP),MS.MIL.XPND.GD.ZS,4.282586296,4.078410735,NA,NA,NA,NA,NA,NA,NA,1.948493873,2.341203858,2.682498277,2.673874094,1.657893917,1.637114728,2.002214408,1.751614469,NA,1.81872995,NA,NA,2.605858134,4.971939787,NA
Costa Rica,CRI,Military expenditure (% of GDP),MS.MIL.XPND.GD.ZS,0,0,0,0,0,0,0,0,0,0,0,0,0,0,0,0,0,0,0,0,0,0,0,0
Cote d'Ivoire,CIV,Military expenditure (% of GDP),MS.MIL.XPND.GD.ZS,1.405880534,1.345633578,1.011260163,NA,0.845688055,0.797853682,NA,NA,NA,NA,NA,1.391605092,1.51507182,1.462534212,1.501948666,1.590764499,1.522855742,1.730239456,1.557966049,1.407830664,1.507351975,1.374140147,1.521768107,1.464891476
Croatia,HRV,Military expenditure (% of GDP),MS.MIL.XPND.GD.ZS,NA,NA,NA,9.203204835,8.187699921,7.544170426,5.612041836,4.429628618,3.030055777,2.702773772,2.729612503,2.046839547,1.757979789,1.759644104,1.684163393,1.629209727,1.83948113,1.802633655,1.702625028,1.777820659,1.691269228,1.656485041,1.586636831,1.549584146
Cuba,CUB,Military expenditure (% of GDP),MS.MIL.XPND.GD.ZS,NA,1.812495132,NA,NA,NA,NA,NA,NA,NA,NA,NA,3.506817264,3.410744762,3.868521393,3.238210083,3.229158668,3.324655504,3.381036299,3.326845769,3.084498741,3.937704961,3.512651378,NA,NA
Curacao,CUW,Military expenditure (% of GDP),MS.MIL.XPND.GD.ZS,NA,NA,NA,NA,NA,NA,NA,NA,NA,NA,NA,NA,NA,NA,NA,NA,NA,NA,NA,NA,NA,NA,NA,NA
Cyprus,CYP,Military expenditure (% of GDP),MS.MIL.XPND.GD.ZS,9.129286044,4.074952605,4.023989196,3.014017137,4.484040208,5.626550601,4.742061755,2.778586908,2.838066925,3.174261676,2.144142296,1.999192953,1.973535687,2.055641169,1.919591834,1.702463609,1.650609894,1.841705594,1.891628469,1.770947834,1.66193484,1.600038413,1.540533763,1.830591369
Czech Republic,CZE,Military expenditure (% of GDP),MS.MIL.XPND.GD.ZS,NA,2.016154742,1.980911279,1.789439376,1.683130846,1.603856222,1.756899486,1.863321861,1.882708218,1.755096912,1.829188592,1.898993382,1.716384425,1.793907376,1.578452587,1.434013454,1.240916723,1.321422388,1.206623953,1.088504171,1.039367975,0.999857988,0.985487525,0.977972526
Denmark,DNK,Military expenditure (% of GDP),MS.MIL.XPND.GD.ZS,1.858501456,1.876030623,1.741183098,1.685314665,1.644816658,1.615961205,1.608026388,1.564854723,1.457444051,1.53238072,1.508149852,1.46685125,1.424441992,1.311031511,1.377121351,1.306932128,1.357961711,1.35642341,1.408168019,1.32316718,1.36070646,1.244116164,1.172098607,1.173106769
Djibouti,DJI,Military expenditure (% of GDP),MS.MIL.XPND.GD.ZS,7.033815515,6.665732989,6.246030429,5.948720268,4.964975226,5.282305006,5.192776067,4.995344941,4.721263549,4.550548213,5.625064252,6.713951284,5.608363252,6.328698815,6.440045373,4.070992017,3.630731801,NA,NA,NA,NA,NA,NA,NA
Dominica,DMA,Military expenditure (% of GDP),MS.MIL.XPND.GD.ZS,NA,NA,NA,NA,NA,NA,NA,NA,NA,NA,NA,NA,NA,NA,NA,NA,NA,NA,NA,NA,NA,NA,NA,NA
Dominican Republic,DOM,Military expenditure (% of GDP),MS.MIL.XPND.GD.ZS,0.559753941,0.75016137,0.726645056,0.544154568,0.630320831,0.783204378,0.780062374,0.816243888,1.043363424,1.247951667,1.090451903,0.777279333,0.70800214,0.81421409,0.724549188,0.628983301,0.701838775,0.669997775,0.668999034,0.600695405,0.655490051,0.626455489,0.68403872,0.66041982
Ecuador,ECU,Military expenditure (% of GDP),MS.MIL.XPND.GD.ZS,1.166700424,1.458061091,1.282089748,1.945073738,1.661789704,1.772774252,1.962964263,1.507477547,1.452075953,1.569375982,1.768891985,2.278553365,1.940332799,2.298402791,2.029825877,2.56823582,2.665041736,3.117418088,3.010551292,3.095110057,2.945452865,2.958259444,2.895754162,2.674148973
"Egypt, Arab Rep.",EGY,Military expenditure (% of GDP),MS.MIL.XPND.GD.ZS,3.381020848,3.296713918,3.316285714,3.240686275,3.127942459,2.889996239,2.796276966,2.702048114,2.682593355,3.139252858,3.447215624,3.340838323,3.025654234,2.853936862,2.740375587,2.502128088,2.293042993,2.137276914,2.053497431,1.931587776,1.66618375,1.624552555,1.712284124,1.733455428
El Salvador,SLV,Military expenditure (% of GDP),MS.MIL.XPND.GD.ZS,2.253576782,1.678726371,1.352212818,1.175057091,1.074409153,1.007766206,0.922942908,0.92054924,0.840334094,1.090673504,1.130239678,0.841380502,0.810213757,0.777474874,0.76600883,0.823679799,0.807241846,0.919122985,0.93844983,0.953800942,0.941898747,0.975323294,0.933176873,0.863235101
Equatorial Guinea,GNQ,Military expenditure (% of GDP),MS.MIL.XPND.GD.ZS,NA,NA,2.360255322,2.430589036,NA,NA,NA,NA,NA,NA,NA,NA,NA,NA,NA,1.821652802,1.827236988,3.639400464,NA,NA,NA,NA,1.072396353,NA
Eritrea,ERI,Military expenditure (% of GDP),MS.MIL.XPND.GD.ZS,NA,22.03874765,13.39460186,20.82826481,21.95935218,12.8311476,35.2774689,39.60651651,32.65567104,22.13679153,20.67187828,20.86574527,NA,NA,NA,NA,NA,NA,NA,NA,NA,NA,NA,NA
Estonia,EST,Military expenditure (% of GDP),MS.MIL.XPND.GD.ZS,NA,NA,NA,0.958099775,0.873596984,1.046772137,1.067491613,1.287113987,1.376327428,1.502213902,1.667129758,1.743048475,1.699688699,1.899256813,1.857013647,1.997981091,2.092960883,2.209126911,1.703302042,1.679902902,1.888256323,1.89851616,1.933608113,2.013595681
Ethiopia,ETH,Military expenditure (% of GDP),MS.MIL.XPND.GD.ZS,2.433466233,2.171800601,2.028132464,1.573623362,1.487174758,2.70961094,6.064489465,9.662831295,7.55585536,4.315901098,3.691078964,3.238706821,3.075838945,2.763079823,2.266839782,1.863148517,1.48936954,1.18355396,1.133782467,1.090707446,0.86836209,0.806417117,0.730052323,0.707540718
Faroe Islands,FRO,Military expenditure (% of GDP),MS.MIL.XPND.GD.ZS,NA,NA,NA,NA,NA,NA,NA,NA,NA,NA,NA,NA,NA,NA,NA,NA,NA,NA,NA,NA,NA,NA,NA,NA
Fiji,FJI,Military expenditure (% of GDP),MS.MIL.XPND.GD.ZS,1.993658515,1.959151299,1.84440952,1.761160634,1.542838019,1.478614667,1.36403682,1.22604763,1.902479248,1.97650996,1.677510099,1.61027625,1.715759387,1.433805394,1.742541049,2.219525882,1.520952799,1.786579266,1.60512895,1.610401123,1.488847688,1.384754756,0.955220391,1.131608352
Finland,FIN,Military expenditure (% of GDP),MS.MIL.XPND.GD.ZS,1.843209353,1.809954751,1.699938304,1.422541499,1.530472271,1.535155051,1.463175558,1.223103772,1.241147504,1.144512833,1.154637229,1.323357679,1.344674622,1.341955264,1.321445537,1.180701454,1.274062908,1.431262394,1.371993586,1.369946513,1.403452573,1.40259076,1.32168677,1.29620693
France,FRA,Military expenditure (% of GDP),MS.MIL.XPND.GD.ZS,3.203262374,3.201921972,3.167206841,2.967345243,2.874458874,2.827952381,2.65032647,2.592746984,2.471010965,2.407503679,2.426268254,2.484613158,2.495382169,2.400989177,2.344886085,2.275462951,2.257835008,2.483010721,2.334172804,2.256658139,2.238935776,2.222426033,2.248471124,2.09994271
French Polynesia,PYF,Military expenditure (% of GDP),MS.MIL.XPND.GD.ZS,NA,NA,NA,NA,NA,NA,NA,NA,NA,NA,NA,NA,NA,NA,NA,NA,NA,NA,NA,NA,NA,NA,NA,NA
Gabon,GAB,Military expenditure (% of GDP),MS.MIL.XPND.GD.ZS,NA,NA,NA,NA,NA,NA,NA,NA,1.801452248,1.793952098,1.783170277,1.668327933,1.613166169,1.248682169,1.28261921,NA,NA,NA,1.871622566,1.46243423,1.619804648,1.604047179,1.144818396,1.188130595
"Gambia, The",GMB,Military expenditure (% of GDP),MS.MIL.XPND.GD.ZS,0.490257621,0.338576188,0.310370827,0.367245635,0.463277798,0.519690011,0.481928244,0.431932626,0.42450719,0.357026297,0.390720316,0.410205891,0.333698104,0.478245107,0.425347641,0.5691816,1.777188042,0.787806622,NA,NA,1.224353605,1.148387708,1.715820394,NA
Georgia,GEO,Military expenditure (% of GDP),MS.MIL.XPND.GD.ZS,NA,NA,NA,NA,2.210173031,1.253587681,1.136973961,0.924374864,0.615582488,0.740186006,1.000532992,1.068489122,1.373838927,3.339166906,5.218303931,9.159116512,8.520118397,5.60659705,3.902452795,3.247606292,3.104606068,2.528124775,2.517582317,2.341325244
Germany,DEU,Military expenditure (% of GDP),MS.MIL.XPND.GD.ZS,1.976500012,1.799147865,1.646952122,1.588252022,1.55726982,1.497186199,1.47763139,1.482071597,1.443623375,1.405968301,1.410769976,1.399048683,1.348089949,1.329937502,1.268776768,1.237053513,1.281316605,1.388906954,1.35365069,1.281112196,1.312879783,1.226345531,1.191809717,1.173766483
Ghana,GHA,Military expenditure (% of GDP),MS.MIL.XPND.GD.ZS,0.649368952,0.686965729,0.694466859,0.758839996,0.640673093,0.659996882,0.767876966,0.768034675,1.02115459,0.608709585,0.599647988,0.697575641,0.634514033,0.598185497,0.371050447,0.509249881,0.39844462,0.455352363,0.380677683,0.592259762,0.804165256,0.533396427,0.47904247,0.486640085
Gibraltar,GIB,Military expenditure (% of GDP),MS.MIL.XPND.GD.ZS,NA,NA,NA,NA,NA,NA,NA,NA,NA,NA,NA,NA,NA,NA,NA,NA,NA,NA,NA,NA,NA,NA,NA,NA
Greece,GRC,Military expenditure (% of GDP),MS.MIL.XPND.GD.ZS,3.117428695,3.0919423,3.076349239,3.053567628,3.162777722,3.194917788,3.340208112,3.360469944,3.46535532,3.251412857,3.077374575,2.493894752,2.605672529,2.836596278,2.78341887,2.679305921,2.983052345,3.224841137,2.727009926,2.476949166,2.407691375,2.361147843,2.348002699,2.603357908
Greenland,GRL,Military expenditure (% of GDP),MS.MIL.XPND.GD.ZS,NA,NA,NA,NA,NA,NA,NA,NA,NA,NA,NA,NA,NA,NA,NA,NA,NA,NA,NA,NA,NA,NA,NA,NA
Grenada,GRD,Military expenditure (% of GDP),MS.MIL.XPND.GD.ZS,NA,NA,NA,NA,NA,NA,NA,NA,NA,NA,NA,NA,NA,NA,NA,NA,NA,NA,NA,NA,NA,NA,NA,NA
Guam,GUM,Military expenditure (% of GDP),MS.MIL.XPND.GD.ZS,NA,NA,NA,NA,NA,NA,NA,NA,NA,NA,NA,NA,NA,NA,NA,NA,NA,NA,NA,NA,NA,NA,NA,NA
Guatemala,GTM,Military expenditure (% of GDP),MS.MIL.XPND.GD.ZS,1.253708907,1.07871279,1.079695736,0.989822374,0.820603087,0.742815313,0.720836747,0.67560091,0.818335289,1.052063338,0.762245036,0.815655232,0.479415924,0.383913781,0.431829471,0.398456442,0.425421228,0.390659208,0.410755655,0.414299766,0.445274227,0.463793628,0.418365485,0.430086249
Guinea,GIN,Military expenditure (% of GDP),MS.MIL.XPND.GD.ZS,1.694382077,1.340506105,1.355911028,NA,NA,1.172671371,1.255008515,1.595106264,1.534637451,3.100210665,3.32468041,2.441181415,2.22856433,NA,NA,NA,NA,NA,NA,NA,2.980528209,3.089574429,3.846153846,NA
Guinea-Bissau,GNB,Military expenditure (% of GDP),MS.MIL.XPND.GD.ZS,NA,NA,0.855925838,0.870947718,0.701776941,0.676895595,1.404761905,NA,2.574832578,1.576220201,1.530165127,1.575428801,NA,2.064850055,NA,NA,NA,1.664401303,2.021236804,1.584788181,2.46004108,2.114693433,1.936036301,1.760310299
Guyana,GUY,Military expenditure (% of GDP),MS.MIL.XPND.GD.ZS,0.983625619,0.976384048,1.014126393,0.915520349,0.787822958,NA,NA,NA,1.765990772,2.063973957,2.304933565,2.20308112,2.81610459,2.243545032,1.314888137,1.434895826,1.587463762,1.533184545,1.375436888,1.258122936,1.176455445,1.176032599,1.276563528,1.425914024
Haiti,HTI,Military expenditure (% of GDP),MS.MIL.XPND.GD.ZS,0.082577551,0.091324152,0.075294909,0.091961502,0,0,0,0,0,0,0,0,0,0,0,0,0,0,0,0,0,0,0,0
Honduras,HND,Military expenditure (% of GDP),MS.MIL.XPND.GD.ZS,NA,1.157829785,NA,NA,NA,NA,NA,NA,0.72992906,0.822610515,0.809187514,0.998264922,0.682692754,0.641478464,0.692430001,0.776007933,0.953978193,1.074910696,1.074457208,1.131309103,1.146018871,1.546423562,1.636867306,1.56993329
"Hong Kong SAR, China",HKG,Military expenditure (% of GDP),MS.MIL.XPND.GD.ZS,NA,NA,NA,NA,NA,NA,NA,NA,NA,NA,NA,NA,NA,NA,NA,NA,NA,NA,NA,NA,NA,NA,NA,NA
Hungary,HUN,Military expenditure (% of GDP),MS.MIL.XPND.GD.ZS,2.106869862,1.842901581,1.763221009,1.324727483,1.259061217,1.476684403,1.272164175,1.4336126,1.517615192,1.574951902,1.598503392,1.648926726,1.478770083,1.418358624,1.228994943,1.277299759,1.189010403,1.137223092,1.03836377,1.05199698,1.039720393,0.952406294,0.874471475,0.847669543
Iceland,ISL,Military expenditure (% of GDP),MS.MIL.XPND.GD.ZS,NA,NA,NA,NA,NA,NA,NA,NA,NA,NA,NA,NA,NA,NA,NA,NA,NA,0.174971137,0.150237841,0.132960347,0.122895651,NA,NA,NA
India,IND,Military expenditure (% of GDP),MS.MIL.XPND.GD.ZS,2.704839706,2.823542246,2.664673728,2.578483572,2.472768226,2.647732426,2.727311417,2.957195647,2.948929906,2.924435546,2.82686683,2.677776932,2.828752248,2.754907666,2.52680863,2.342633883,2.550193444,2.893497105,2.707465954,2.651584952,2.535476534,2.464118276,2.488157921,2.423006578
Indonesia,IDN,Military expenditure (% of GDP),MS.MIL.XPND.GD.ZS,1.356876463,1.223557394,1.26615658,1.226309567,1.264392547,1.497740837,1.019117375,0.810811467,0.684483813,0.572791957,0.700118902,0.909282978,0.945716157,0.750789096,0.71642548,0.774786825,0.633480985,0.612410891,0.617587092,0.653776703,0.711549473,0.918769839,0.778141413,0.886273832
"Iran, Islamic Rep.",IRN,Military expenditure (% of GDP),MS.MIL.XPND.GD.ZS,1.800588822,1.730420985,2.132212116,2.21610253,2.299675952,2.570874914,2.715955361,2.455130688,2.340065309,2.465876519,2.188888749,2.420837311,2.854492059,3.091594419,3.383574717,2.76492016,2.790091476,3.154213227,2.899013932,2.41161265,2.808861745,2.344930845,2.327889026,NA
Iraq,IRQ,Military expenditure (% of GDP),MS.MIL.XPND.GD.ZS,NA,NA,NA,NA,NA,NA,NA,NA,NA,NA,NA,NA,1.675578078,2.242580305,1.897571722,2.186095032,2.183077105,2.658385579,2.58538934,3.178756706,2.777337544,3.396266786,4.259230777,7.772068111
Ireland,IRL,Military expenditure (% of GDP),MS.MIL.XPND.GD.ZS,1.203957318,1.139072608,1.108584132,1.014223564,0.990115984,0.924066066,0.824206246,0.751381409,0.695830129,0.703894575,0.634073367,0.58663814,0.5682042,0.541659438,0.513131686,0.508795316,0.576174818,0.601481348,0.57902905,0.537771701,0.515255436,0.50187332,0.474963953,0.417895566
Isle of Man,IMY,Military expenditure (% of GDP),MS.MIL.XPND.GD.ZS,NA,NA,NA,NA,NA,NA,NA,NA,NA,NA,NA,NA,NA,NA,NA,NA,NA,NA,NA,NA,NA,NA,NA,NA
Israel,ISR,Military expenditure (% of GDP),MS.MIL.XPND.GD.ZS,12.47061722,13.26203224,11.61729902,8.859168248,8.675008345,8.414953381,7.858117941,7.342804734,7.074483696,7.288159034,8.25697849,8.459629043,8.137739623,7.57301949,7.405750319,6.679945959,6.502676171,6.718706414,6.213403774,5.872710603,5.678431977,5.770562383,5.92334424,5.436805477
Italy,ITA,Military expenditure (% of GDP),MS.MIL.XPND.GD.ZS,1.900106047,1.937617903,1.858587286,1.654840066,1.790859453,1.833926487,1.854012296,1.897745027,1.962862982,1.89330863,1.92354814,1.926714284,1.89703863,1.809662295,1.719822852,1.632443079,1.725085663,1.752901055,1.695590764,1.675091347,1.627383013,1.590922532,1.476292325,1.313526041
Jamaica,JAM,Military expenditure (% of GDP),MS.MIL.XPND.GD.ZS,1.334828464,0.910666706,0.692943596,0.607189804,0.640253877,0.734083919,0.544948341,0.511051526,0.486829877,0.509359166,0.585431531,0.581595977,0.535969813,0.527663378,0.608922707,0.652457793,0.953358097,0.947335044,0.874326624,0.92622882,0.930840809,0.900494048,0.871038601,0.844478257
Japan,JPN,Military expenditure (% of GDP),MS.MIL.XPND.GD.ZS,0.934361786,0.936678577,0.933658421,0.936677371,0.935939499,0.939691509,0.966871934,0.972859748,0.961901306,0.979792627,0.988080666,0.987371476,0.97383435,0.968981133,0.953749553,0.930371488,0.956062667,1.022119389,0.993967186,1.028301321,1.007370222,0.998682485,0.998410889,0.991428097
Jordan,JOR,Military expenditure (% of GDP),MS.MIL.XPND.GD.ZS,6.92397736,6.97682633,6.539234051,4.454253606,6.025805062,6.132841195,6.276042008,6.284002099,6.25847554,5.894372653,5.447173087,6.002453617,5.143444803,4.795322795,4.659324025,6.033917392,6.182098125,6.584468025,5.895420831,5.529730125,4.760654509,4.301173727,4.326355015,4.307483713
Kazakhstan,KAZ,Military expenditure (% of GDP),MS.MIL.XPND.GD.ZS,NA,1.019607043,0.897350643,1.067847248,1.149355709,1.068090788,1.09619801,0.85298154,0.78464508,0.999817479,0.998337702,1.029927459,0.988239741,1.036322127,0.978995805,1.296876822,1.154668492,1.103033241,1.014415565,0.900279039,1.008580761,1.04650551,1.014112866,1.03160702
Kenya,KEN,Military expenditure (% of GDP),MS.MIL.XPND.GD.ZS,1.900769238,1.837767528,1.641425523,1.648143537,1.417954703,1.340636858,1.220122232,1.178021228,1.30326707,1.504428942,1.626853318,1.650096927,1.614182837,1.690688516,1.45517741,1.547912496,1.615850294,1.561448035,1.555137868,1.541418786,1.666474622,1.561794388,1.334044705,1.50522085
Kiribati,KIR,Military expenditure (% of GDP),MS.MIL.XPND.GD.ZS,NA,NA,NA,NA,NA,NA,NA,NA,NA,NA,NA,NA,NA,NA,NA,NA,NA,NA,NA,NA,NA,NA,NA,NA
"Korea, Dem. People’s Rep.",PRK,Military expenditure (% of GDP),MS.MIL.XPND.GD.ZS,NA,NA,NA,NA,NA,NA,NA,NA,NA,NA,NA,NA,NA,NA,NA,NA,NA,NA,NA,NA,NA,NA,NA,NA
"Korea, Rep.",KOR,Military expenditure (% of GDP),MS.MIL.XPND.GD.ZS,3.26146973,3.157807747,2.947258401,2.875792692,2.71931872,2.649216781,2.777810946,2.487109546,2.45731752,2.427877741,2.315474377,2.328664618,2.331064888,2.467282737,2.48836867,2.469638856,2.601476045,2.724770988,2.574250696,2.577345967,2.612982507,2.63127224,2.641911505,2.64370106
Kosovo,KSV,Military expenditure (% of GDP),MS.MIL.XPND.GD.ZS,NA,NA,NA,NA,NA,NA,NA,NA,NA,NA,NA,NA,NA,NA,NA,NA,0.016302466,0.481600821,0.66176429,0.761531737,0.667506543,0.687047734,0.725506935,0.782722396
Kuwait,KWT,Military expenditure (% of GDP),MS.MIL.XPND.GD.ZS,31.78580568,12.44070059,13.25880813,13.58146414,10.29238661,8.086677891,8.795892188,7.590712201,7.150677038,7.69709996,7.3986195,6.539566833,5.804361477,4.343449328,3.54258568,3.59028268,3.006057547,3.974178096,3.756148142,3.501397266,3.41374158,3.27151858,3.631499374,NA
Kyrgyz Republic,KGZ,Military expenditure (% of GDP),MS.MIL.XPND.GD.ZS,1.642250172,1.531794498,2.586361821,3.458615927,2.988273153,3.112267278,2.66756189,2.599416244,2.878901155,2.346375974,2.726257666,2.866285914,2.848509992,3.077725096,3.168714263,3.057836737,2.904912393,3.17607986,3.845816999,3.398730931,3.20738181,3.196219027,3.375892826,3.583741211
Lao PDR,LAO,Military expenditure (% of GDP),MS.MIL.XPND.GD.ZS,9.070084235,8.107255743,7.521664793,5.880487513,4.1867336,3.838815192,2.605123174,1.057660388,0.793349472,0.717115235,0.650379556,0.54706242,0.485842489,0.437425295,0.38838603,0.351385156,0.298826873,0.239564769,0.213834556,0.229498134,0.217189461,0.202615843,NA,NA
Latvia,LVA,Military expenditure (% of GDP),MS.MIL.XPND.GD.ZS,NA,NA,NA,0.806120004,0.639503249,0.582375212,0.58806507,0.751244817,0.882047085,1.04190566,1.543594506,1.611886964,1.597192131,1.612456469,1.717910136,1.560810877,1.636893709,1.391397146,1.093661506,1.045722164,0.912403906,0.938369425,0.957131858,1.057523885
Lebanon,LBN,Military expenditure (% of GDP),MS.MIL.XPND.GD.ZS,7.983998608,6.011461974,6.640833614,6.368134463,5.373543175,4.305154639,4.023098398,4.77062121,5.388162952,5.430901642,4.738154613,4.597853014,4.555239,4.521516936,4.629009678,4.688259109,4.056510435,4.058671399,4.171029668,4.058326023,4.06714508,4.364402942,4.963960282,4.754308859
Lesotho,LSO,Military expenditure (% of GDP),MS.MIL.XPND.GD.ZS,3.363746959,3.068278202,3.424095487,4.001123235,3.474201824,3.337960626,3.393487859,4.251582602,3.961772677,3.311288061,2.978273188,2.823448767,2.543104939,2.456972951,2.465252905,2.493588771,1.677268309,2.769617984,3.230252888,2.305288724,2.233178358,2.161351326,2.186457145,NA
Liberia,LBR,Military expenditure (% of GDP),MS.MIL.XPND.GD.ZS,10.13422819,18.98379052,29.72768533,NA,NA,NA,NA,NA,NA,NA,NA,NA,0.670318096,1.459090909,0.649803346,0.471701177,0.459625159,0.622691096,0.654290939,0.858742073,0.874618266,0.776342153,0.714580229,0.658524111
Libya,LBY,Military expenditure (% of GDP),MS.MIL.XPND.GD.ZS,NA,NA,NA,NA,NA,4.078026716,5.297441532,3.206280714,2.836445261,2.403100775,2.210518222,2.082093992,2.076220999,1.45966544,1.117759495,0.946671985,1.262368113,NA,NA,NA,3.647280821,NA,7.993696275,NA
Liechtenstein,LIE,Military expenditure (% of GDP),MS.MIL.XPND.GD.ZS,NA,NA,NA,NA,NA,NA,NA,NA,NA,NA,NA,NA,NA,NA,NA,NA,NA,NA,NA,NA,NA,NA,NA,NA
Lithuania,LTU,Military expenditure (% of GDP),MS.MIL.XPND.GD.ZS,NA,NA,NA,0.454372876,0.503980008,0.747111154,1.229254333,0.970102492,1.216699992,1.36194364,1.271288747,1.121228495,1.195943281,1.16221159,1.163932121,1.112478533,1.130355158,1.081283949,0.878852641,0.792068414,0.766997524,0.764594461,0.88290155,1.142789536
Luxembourg,LUX,Military expenditure (% of GDP),MS.MIL.XPND.GD.ZS,0.759355378,0.649155309,0.680741429,0.652445972,0.651946679,0.686647536,0.701363027,0.629998972,0.599720699,0.761380108,0.658115206,0.68013278,0.683284829,0.65918913,0.589656174,0.568458444,0.42925392,0.442525603,0.523673547,0.437747499,0.424213463,0.418574171,0.430093964,0.524627978
"Macao SAR, China",MAC,Military expenditure (% of GDP),MS.MIL.XPND.GD.ZS,NA,NA,NA,NA,NA,NA,NA,NA,NA,NA,NA,NA,NA,NA,NA,NA,NA,NA,NA,NA,NA,NA,NA,NA
"Macedonia, FYR",MKD,Military expenditure (% of GDP),MS.MIL.XPND.GD.ZS,NA,NA,NA,NA,2.960142897,2.237948913,2.206391985,1.80326212,1.850824063,6.100406905,2.645592677,2.341697247,2.380104421,2.029265968,1.836536853,1.950070933,1.742341343,1.688164159,1.38215305,1.262188002,1.225318886,1.169437189,1.08888371,1.06509293
Madagascar,MDG,Military expenditure (% of GDP),MS.MIL.XPND.GD.ZS,0.763859271,1.122296384,0.9264548,0.859857716,1.237610347,1.48190046,1.349306708,1.211471068,1.217510105,1.435843753,1.31316813,1.324748906,1.24822621,1.071941549,0.977431205,1.115864656,1.097115257,0.830202949,0.652042489,0.727707094,0.691911721,0.677231026,0.632787766,0.61598583
Malawi,MWI,Military expenditure (% of GDP),MS.MIL.XPND.GD.ZS,1.402486065,1.242513616,1.443625453,0.790558145,0.883467842,0.991556802,0.826816547,0.811014322,0.672638801,0.738822811,0.423823619,0.40879232,0.63186794,1.045261606,0.777651498,0.757951968,0.835636994,0.949704588,0.718201024,0.659728504,0.821665968,1.242963848,0.891434486,0.65789933
Malaysia,MYS,Military expenditure (% of GDP),MS.MIL.XPND.GD.ZS,2.986441555,2.875262061,2.847129848,2.751357474,2.400573836,2.085558651,1.60532968,2.101467586,1.634675548,2.084922812,2.219137188,2.614806731,2.263057195,2.173929041,2.007597401,2.05143235,1.911427785,1.960281331,1.511379476,1.574912831,1.433409078,1.520286684,1.454933218,1.535425516
Maldives,MDV,Military expenditure (% of GDP),MS.MIL.XPND.GD.ZS,NA,NA,NA,NA,NA,NA,NA,NA,NA,NA,NA,NA,NA,NA,NA,NA,NA,NA,NA,NA,NA,NA,NA,NA
Mali,MLI,Military expenditure (% of GDP),MS.MIL.XPND.GD.ZS,NA,1.578884568,1.436171331,1.495290733,1.427233931,1.492804622,1.404632311,1.274983563,1.478649744,1.295172228,1.268850431,1.419333113,1.421998844,1.384312041,1.39141541,1.355034028,1.465714868,1.418664255,1.374566808,1.24103333,1.196405745,1.161379132,1.515933832,2.360036032
Malta,MLT,Military expenditure (% of GDP),MS.MIL.XPND.GD.ZS,0.883305237,0.909421261,0.929482336,0.865220916,0.906811547,0.857103499,0.763373172,0.716154439,0.640678386,0.692249629,0.661151311,0.666570343,0.718113399,0.877802458,0.695368728,0.655643343,0.655022432,0.729808072,0.719421776,0.600830855,0.562026269,0.55781676,NA,NA
Marshall Islands,MHL,Military expenditure (% of GDP),MS.MIL.XPND.GD.ZS,NA,NA,NA,NA,NA,NA,NA,NA,NA,NA,NA,NA,NA,NA,NA,NA,NA,NA,NA,NA,NA,NA,NA,NA
Mauritania,MRT,Military expenditure (% of GDP),MS.MIL.XPND.GD.ZS,2.689073176,2.412569111,2.240856718,2.260151893,2.626337998,2.96726238,1.862438988,2.273637484,2.928005446,4.002384422,2.73938351,3.995275716,3.838120112,3.051555776,2.693647217,NA,3.059333958,3.13532417,NA,NA,2.720186635,2.557094266,2.670719117,NA
Mauritius,MUS,Military expenditure (% of GDP),MS.MIL.XPND.GD.ZS,0.354424633,0.330254628,0.333147828,0.332827181,0.293389476,0.234080868,0.202815823,0.210683864,0.204255975,0.197886912,0.199316796,0.193997409,0.171244345,0.173241389,0.160651037,0.149284011,0.161601948,0.173363933,0.15305679,0.155629375,0.145576871,0.194444824,0.260622584,NA
Mexico,MEX,Military expenditure (% of GDP),MS.MIL.XPND.GD.ZS,0.550058776,0.461804012,0.547834285,0.498245662,0.519365181,0.498203552,0.494203946,0.501871313,0.486084986,0.488508913,0.469213134,0.454985872,0.406223688,0.418022841,0.422933908,0.45807063,0.448540527,0.542546695,0.561034916,0.5525493,0.588133033,0.621129273,0.667520245,0.676334283
"Micronesia, Fed. Sts.",FSM,Military expenditure (% of GDP),MS.MIL.XPND.GD.ZS,NA,NA,NA,NA,NA,NA,NA,NA,NA,NA,NA,NA,NA,NA,NA,NA,NA,NA,NA,NA,NA,NA,NA,NA
Moldova,MDA,Military expenditure (% of GDP),MS.MIL.XPND.GD.ZS,NA,0.530093355,0.773792417,0.925968809,0.906689226,0.902777087,0.647425631,0.51129823,0.3951448,0.40259686,0.419846587,0.416381264,0.360979037,0.400235112,0.482634466,0.516193551,0.608535598,0.457886649,0.31550185,0.327388277,0.327674672,0.33449408,0.34529228,0.356008723
Monaco,MCO,Military expenditure (% of GDP),MS.MIL.XPND.GD.ZS,NA,NA,NA,NA,NA,NA,NA,NA,NA,NA,NA,NA,NA,NA,NA,NA,NA,NA,NA,NA,NA,NA,NA,NA
Mongolia,MNG,Military expenditure (% of GDP),MS.MIL.XPND.GD.ZS,2.109378945,1.821436789,1.770725674,1.465487119,1.605698464,1.582869023,1.771622178,1.704345638,2.134368901,1.823722843,1.810319902,1.525308817,1.393003546,1.180835545,1.147891424,1.335580234,1.187036485,0.821010152,0.762997235,0.83727024,0.959347885,0.850620298,0.859628081,0.869689303
Montenegro,MNE,Military expenditure (% of GDP),MS.MIL.XPND.GD.ZS,NA,NA,NA,NA,NA,NA,NA,NA,NA,NA,NA,NA,NA,2.694223783,2.312705735,1.749695109,1.882927294,1.851748107,1.814347747,1.748968767,1.656463334,1.582165074,1.506685229,1.625
Morocco,MAR,Military expenditure (% of GDP),MS.MIL.XPND.GD.ZS,3.644226861,3.954284536,3.834405484,3.684162421,3.352818959,3.578653419,3.456334361,2.900457034,2.210962207,3.726135882,3.491787993,3.494207541,3.249467575,3.257996782,3.109796549,3.046953664,3.183501428,3.288651846,3.390796101,3.297495235,3.462750079,3.791245731,3.680270424,3.256656183
Mozambique,MOZ,Military expenditure (% of GDP),MS.MIL.XPND.GD.ZS,2.550889133,2.430728106,2.903563695,1.301243435,1.022684563,0.993894223,1.010924802,1.065834029,1.103594135,1.06188321,1.063489435,1.067847319,1.136311139,0.805919092,0.69103216,0.732649218,0.728235253,0.772591102,0.976832819,0.905259783,0.911222375,0.985664541,1.025335269,1.000924252
Myanmar,MMR,Military expenditure (% of GDP),MS.MIL.XPND.GD.ZS,3.354521969,3.523111495,3.541120379,3.684832379,3.493427864,2.665387237,2.314235024,1.994537328,2.305362527,1.800056475,1.298878895,1.924357128,1.909110094,NA,NA,NA,NA,NA,NA,NA,3.975398734,4.03560235,3.688628145,3.380025136
Namibia,NAM,Military expenditure (% of GDP),MS.MIL.XPND.GD.ZS,3.6122362,2.179801287,1.566250749,1.730797952,1.684627816,2.039142512,2.062238943,2.769491293,2.363934444,2.728019683,2.617842387,2.625060862,2.527629616,2.645148017,2.501156808,2.610424555,3.137261576,3.374363686,3.514743974,3.574588953,3.166542591,3.065596199,4.252529039,4.801603036
Nauru,NRU,Military expenditure (% of GDP),MS.MIL.XPND.GD.ZS,NA,NA,NA,NA,NA,NA,NA,NA,NA,NA,NA,NA,NA,NA,NA,NA,NA,NA,NA,NA,NA,NA,NA,NA
Nepal,NPL,Military expenditure (% of GDP),MS.MIL.XPND.GD.ZS,1.051963666,1.024863105,0.973041872,0.941485115,0.900716315,0.880707846,0.92705546,0.947369575,0.962150318,1.098333254,1.447648566,1.592250387,1.793292582,1.929159909,1.749110206,1.547393817,1.599972047,1.645447812,1.563665875,1.540651697,1.431831991,1.5418602,1.607012995,1.506012872
Netherlands,NLD,Military expenditure (% of GDP),MS.MIL.XPND.GD.ZS,2.205823355,2.021252587,1.906852014,1.794240505,1.756607736,1.659273183,1.580648061,1.589825426,1.446633383,1.453546915,1.445699806,1.461303291,1.441389169,1.409984073,1.406220866,1.367727628,1.321728573,1.414159407,1.341542203,1.303254325,1.250348749,1.183362859,1.175068274,1.178946376
New Caledonia,NCL,Military expenditure (% of GDP),MS.MIL.XPND.GD.ZS,NA,NA,NA,NA,NA,NA,NA,NA,NA,NA,NA,NA,NA,NA,NA,NA,NA,NA,NA,NA,NA,NA,NA,NA
New Zealand,NZL,Military expenditure (% of GDP),MS.MIL.XPND.GD.ZS,2.068705798,1.896563956,1.823379433,1.815328983,1.781881485,1.703970844,1.695296045,1.619313415,1.576698737,1.472279197,1.384799751,1.350050518,1.254472402,1.211426572,1.311668768,1.24820706,1.246466543,1.337587323,1.317185273,1.234758957,1.186145617,1.119145917,1.137030589,1.186190344
Nicaragua,NIC,Military expenditure (% of GDP),MS.MIL.XPND.GD.ZS,2.632753235,2.102423369,0.916773739,0.849965417,0.731956684,0.689541542,0.566758651,0.554528379,0.603283295,0.526806207,0.666800676,0.663388005,0.56323748,0.539815888,0.549418307,0.529250426,0.502388127,0.497829706,0.506473595,0.527420219,0.671846255,0.685368519,0.690334183,0.564280765
Niger,NER,Military expenditure (% of GDP),MS.MIL.XPND.GD.ZS,NA,NA,1.117640283,0.979974447,0.875252887,0.93759862,1.061072958,1.166908052,1.116838488,1.276297335,0.951877314,0.900787402,1.03546627,0.96319804,NA,NA,0.992538192,0.982009828,1.169691196,1.309803688,1.00539302,NA,NA,NA
Nigeria,NGA,Military expenditure (% of GDP),MS.MIL.XPND.GD.ZS,0.540827128,0.89228557,0.743688625,0.697015377,0.548403072,0.616522625,0.893408121,1.370673263,0.794728868,1.292833438,1.517184604,0.868306853,0.728541184,0.600638304,0.533693958,0.583546726,0.776456935,0.887702093,0.539231122,0.579227031,0.502541129,0.469695305,0.414718775,0.417636538
Northern Mariana Islands,MNP,Military expenditure (% of GDP),MS.MIL.XPND.GD.ZS,NA,NA,NA,NA,NA,NA,NA,NA,NA,NA,NA,NA,NA,NA,NA,NA,NA,NA,NA,NA,NA,NA,NA,NA
Norway,NOR,Military expenditure (% of GDP),MS.MIL.XPND.GD.ZS,2.90717052,2.633621697,2.676978254,2.30749104,2.163072923,2.016079571,2.156737667,2.039107183,1.705831873,1.70454146,2.080591931,1.974854487,1.848785144,1.582298529,1.450901724,1.465576049,1.379146228,1.603491463,1.516511595,1.451804871,1.401588017,1.414037942,1.465836257,1.518472675
Oman,OMN,Military expenditure (% of GDP),MS.MIL.XPND.GD.ZS,16.2451179,15.36764094,15.68860347,14.62380585,12.54277105,12.47721488,12.47824432,11.37644374,10.7804709,12.47442943,12.36813903,12.13724123,12.01058646,11.74964438,10.82916943,10.27944975,7.580034247,9.279076392,8.347673367,9.814332746,16.15661612,14.95016832,13.38853066,14.06730093
Pakistan,PAK,Military expenditure (% of GDP),MS.MIL.XPND.GD.ZS,7.052747917,6.976529604,6.501808976,6.21676576,6.037243187,5.621188711,5.415184027,5.189936356,4.168723803,4.18064868,4.39063983,4.409670263,4.263745927,4.200140866,3.645255204,3.5119861,3.459371004,3.265223993,3.423690973,3.285650816,3.484398773,3.472005625,3.490551462,3.568757016
Palau,PLW,Military expenditure (% of GDP),MS.MIL.XPND.GD.ZS,NA,NA,NA,NA,NA,NA,NA,NA,NA,NA,NA,NA,NA,NA,NA,NA,NA,NA,NA,NA,NA,NA,NA,NA
Panama,PAN,Military expenditure (% of GDP),MS.MIL.XPND.GD.ZS,1.120587884,1.239699926,1.233394947,1.153969063,1.025288529,1.105168541,0.898448512,0.920024003,0,0,0,0,0,0,0,0,0,0,0,0,0,0,0,0
Papua New Guinea,PNG,Military expenditure (% of GDP),MS.MIL.XPND.GD.ZS,1.337911437,1.378644367,1.522521382,1.165351026,1.52869148,1.615910503,1.321185094,1.038943386,0.960373056,0.822407972,0.568830166,0.547450481,0.622029921,0.626076587,0.566372729,0.619614935,0.491643905,0.642156643,0.47689338,0.498656707,0.718740256,0.681890447,0.663818758,NA
Paraguay,PRY,Military expenditure (% of GDP),MS.MIL.XPND.GD.ZS,2.020807186,1.518343308,1.547457727,1.67517888,1.485134106,1.778566941,1.63134968,1.466175395,1.420167165,1.257068867,1.166881088,1.017620668,1.110855481,0.941953448,1.052394618,1.004374973,0.961543785,1.114423077,1.078535877,1.203385288,1.378267804,1.361461795,1.398867463,1.672492042
Peru,PER,Military expenditure (% of GDP),MS.MIL.XPND.GD.ZS,2.561933125,2.793830478,2.541552399,2.715745061,2.586195279,2.074162698,2.094166506,2.010574962,1.788969095,1.752019094,1.54184192,1.509500245,1.382223903,1.533264012,1.38565069,1.196397798,1.138713563,1.421482319,1.316843644,1.187208649,1.233977261,1.464416071,1.443792028,1.58162757
Philippines,PHL,Military expenditure (% of GDP),MS.MIL.XPND.GD.ZS,2.036463077,2.15754003,2.17244402,2.294130332,2.268405587,1.914459009,1.697292298,1.615777189,1.608226684,1.471378841,1.473890237,1.550844833,1.36062655,1.331795207,1.315163905,1.34866906,1.303655764,1.2568926,1.22159432,1.205253409,1.15904714,1.241885706,1.089669198,1.325493524
Poland,POL,Military expenditure (% of GDP),MS.MIL.XPND.GD.ZS,2.033227306,2.250304375,2.071716998,1.950588235,1.962969359,2.026197213,2.014002582,1.918001082,1.830336585,1.905638001,1.900638649,1.908042037,1.884868641,1.93698162,1.928363354,2.00327274,1.763455104,1.810845541,1.834179896,1.788316672,1.796571131,1.76998577,1.898280774,2.203054429
Portugal,PRT,Military expenditure (% of GDP),MS.MIL.XPND.GD.ZS,2.353585728,2.307031534,2.18012482,2.260288158,2.120795734,2.040702659,1.883733342,1.888010565,1.862356047,1.912719868,1.938563127,1.885216531,1.965918023,2.047303882,1.949969959,1.818055227,1.836558719,2.03079895,1.980216597,2.002650015,1.912137076,2.089630624,1.786721278,1.851937767
Puerto Rico,PRI,Military expenditure (% of GDP),MS.MIL.XPND.GD.ZS,NA,NA,NA,NA,NA,NA,NA,NA,NA,NA,NA,NA,NA,NA,NA,NA,NA,NA,NA,NA,NA,NA,NA,NA
Qatar,QAT,Military expenditure (% of GDP),MS.MIL.XPND.GD.ZS,NA,NA,NA,NA,NA,NA,NA,NA,NA,NA,3.929969922,3.33399484,2.433859686,1.993016269,1.75049975,1.959834845,2.010496135,1.992213177,1.499938977,NA,NA,NA,NA,NA
Romania,ROM,Military expenditure (% of GDP),MS.MIL.XPND.GD.ZS,4.247661381,2.740594336,3.114728471,2.610785325,2.352684608,2.998937292,2.987822717,2.640259267,2.498914184,2.420745188,2.287296075,2.088487134,2.007657561,1.981935276,1.822571075,1.52016256,1.441220987,1.329068947,1.241812081,1.283903017,1.224996737,1.280365547,1.350286124,1.394271836
Russian Federation,RUS,Military expenditure (% of GDP),MS.MIL.XPND.GD.ZS,4.755391899,4.490700251,4.859598854,4.066573329,4.036457815,4.340747065,2.936226042,3.302102339,3.553192072,3.810322465,4.040201724,3.944191242,3.546110483,3.578058264,3.486889246,3.349603901,3.382840569,4.214808636,3.850715126,3.456959936,3.754097943,3.960897738,4.170244425,5.008891223
Rwanda,RWA,Military expenditure (% of GDP),MS.MIL.XPND.GD.ZS,4.365168499,4.536391425,3.437876929,4.363953944,5.328580206,4.173383453,4.377917106,4.448169383,3.534986051,3.396812701,3.047404063,2.44836272,1.972811671,1.743055556,1.754079254,1.472154964,1.410598551,1.417942769,1.307603571,1.176638066,1.105231116,1.096525493,1.149323448,1.156373137
Samoa,WSM,Military expenditure (% of GDP),MS.MIL.XPND.GD.ZS,NA,NA,NA,NA,NA,NA,NA,NA,NA,NA,NA,NA,NA,NA,NA,NA,NA,NA,NA,NA,NA,NA,NA,NA
San Marino,SMR,Military expenditure (% of GDP),MS.MIL.XPND.GD.ZS,NA,NA,NA,NA,NA,NA,NA,NA,NA,NA,NA,NA,NA,NA,NA,NA,NA,NA,NA,NA,NA,NA,NA,NA
Sao Tome and Principe,STP,Military expenditure (% of GDP),MS.MIL.XPND.GD.ZS,NA,NA,NA,NA,NA,NA,NA,NA,NA,NA,NA,NA,NA,NA,NA,NA,NA,NA,NA,NA,NA,NA,NA,NA
Saudi Arabia,SAU,Military expenditure (% of GDP),MS.MIL.XPND.GD.ZS,11.28415798,12.46537228,10.64476051,9.27846839,8.468077759,11.00093542,14.31103745,11.38191717,10.59439021,11.48921165,9.812648589,8.737112377,8.08155971,7.730601387,7.848367436,8.527052713,7.3534376,9.617199992,8.588372918,7.248760281,7.697721279,9.00400142,10.71358832,13.49622519
Senegal,SEN,Military expenditure (% of GDP),MS.MIL.XPND.GD.ZS,1.82806074,2.112023039,1.706046295,1.658546303,1.574762916,1.515255096,1.492758332,1.521856593,1.33262593,1.412401688,1.394137466,1.412117206,1.339174657,1.428775771,1.587345929,1.708594044,1.620084801,1.676611255,1.513504568,1.594040937,1.400155996,1.583354638,1.532127242,1.559033669
Serbia,SRB,Military expenditure (% of GDP),MS.MIL.XPND.GD.ZS,NA,NA,NA,NA,3.511285895,3.786504467,3.511897979,4.005947435,5.153942941,4.027571198,4.209954106,3.447908471,2.973161564,2.397915416,2.303524901,2.411469982,2.256683381,2.286168443,2.2106734,2.124010495,2.095174653,2.020687527,2.065939697,1.983270365
Seychelles,SYC,Military expenditure (% of GDP),MS.MIL.XPND.GD.ZS,4.7271745,2.732529728,2.443685452,2.280897484,2.095832333,2.024738479,1.732921001,1.780188084,1.679332821,1.778265522,1.677375471,1.734316375,1.897640245,1.602352364,1.413430031,1.468380017,1.150213185,1.020913899,0.737941051,0.817459836,0.874935666,0.975609756,2.421000386,1.25730384
Sierra Leone,SLE,Military expenditure (% of GDP),MS.MIL.XPND.GD.ZS,3.921187546,3.035519057,2.905679795,2.873796565,1.974368615,1.116251982,NA,NA,3.665982115,2.770887768,2.190012574,2.075801007,1.604345851,1.44682161,1.486514491,1.347090999,0.943767272,1.060470422,0.957815099,0.853313909,0.772271247,0.63896985,0.975108385,0.772578411
Singapore,SGP,Military expenditure (% of GDP),MS.MIL.XPND.GD.ZS,4.471368646,4.091764934,3.791435128,4.178797884,4.253314039,4.450036477,5.211052961,5.207353988,4.518886294,4.826249999,4.924986287,4.869647648,4.416805051,4.288125843,3.94502523,3.621781472,3.87778862,3.917611789,3.429849321,3.241803954,3.170686503,3.1122339,3.155777509,3.216608938
Sint Maarten (Dutch part),SXM,Military expenditure (% of GDP),MS.MIL.XPND.GD.ZS,NA,NA,NA,NA,NA,NA,NA,NA,NA,NA,NA,NA,NA,NA,NA,NA,NA,NA,NA,NA,NA,NA,NA,NA
Slovak Republic,SVK,Military expenditure (% of GDP),MS.MIL.XPND.GD.ZS,NA,1.940643186,1.885388292,3.154561633,2.973830022,2.282965319,1.743920926,1.573511813,1.655312382,1.84316099,1.77602684,1.841111076,1.652006017,1.686943689,1.601224859,1.484944479,1.465109336,1.523069329,1.274724688,1.087396282,1.096382215,0.987335292,0.995228989,1.123339328
Slovenia,SVN,Military expenditure (% of GDP),MS.MIL.XPND.GD.ZS,NA,NA,NA,1.573042251,1.536360279,1.401365277,1.361186906,1.211305284,1.093166479,1.300482296,1.387618325,1.403798578,1.43065187,1.414704413,1.538026162,1.439665914,1.491915934,1.590048167,1.608056294,1.297853714,1.175381999,1.062892153,0.982382208,0.952087528
Solomon Islands,SLB,Military expenditure (% of GDP),MS.MIL.XPND.GD.ZS,NA,NA,NA,NA,NA,NA,NA,NA,NA,NA,NA,NA,NA,NA,NA,NA,NA,NA,NA,NA,NA,NA,NA,NA
Somalia,SOM,Military expenditure (% of GDP),MS.MIL.XPND.GD.ZS,NA,NA,NA,NA,NA,NA,NA,NA,NA,NA,NA,NA,NA,NA,NA,NA,NA,NA,NA,NA,NA,2.53E-05,5.22E-05,3.48E-05
South Africa,ZAF,Military expenditure (% of GDP),MS.MIL.XPND.GD.ZS,2.817650495,2.423019788,2.489104258,2.117864731,1.75587799,1.582134829,1.383163366,1.272053724,1.387289781,1.483163339,1.529310408,1.468811665,1.355727761,1.383769392,1.290746292,1.177517826,1.145843272,1.214002102,1.115808113,1.10278667,1.129775323,1.125010899,1.112826031,1.106221998
South Sudan,SSD,Military expenditure (% of GDP),MS.MIL.XPND.GD.ZS,NA,NA,NA,NA,NA,NA,NA,NA,NA,NA,NA,NA,NA,NA,NA,NA,5.761377614,4.968497805,4.140689655,5.905212321,9.530752801,7.406924383,9.77473213,10.92851451
Spain,ESP,Military expenditure (% of GDP),MS.MIL.XPND.GD.ZS,1.946975184,1.917478855,1.907448464,1.866390036,1.761875195,1.675831823,1.67464019,1.755234589,1.725517988,1.632996821,1.456486691,1.420409174,1.426928792,1.382394156,1.364365549,1.356462347,1.359453041,1.346129038,1.37684809,1.323602198,1.407565837,1.259288529,1.234356967,1.176089309
Sri Lanka,LKA,Military expenditure (% of GDP),MS.MIL.XPND.GD.ZS,3.367639901,3.431785654,3.729338058,5.876656136,5.516709257,4.630607275,4.664238013,4.038189392,5.033888979,4.286989181,3.45701489,2.868911827,2.997358479,2.639533395,2.798773599,3.260608357,3.712169683,3.618663853,2.70074784,2.683158092,2.135709265,2.266442524,2.526683307,2.209560395
St. Kitts and Nevis,KNA,Military expenditure (% of GDP),MS.MIL.XPND.GD.ZS,NA,NA,NA,NA,NA,NA,NA,NA,NA,NA,NA,NA,NA,NA,NA,NA,NA,NA,NA,NA,NA,NA,NA,NA
St. Lucia,LCA,Military expenditure (% of GDP),MS.MIL.XPND.GD.ZS,NA,NA,NA,NA,NA,NA,NA,NA,NA,NA,NA,NA,NA,NA,NA,NA,NA,NA,NA,NA,NA,NA,NA,NA
St. Martin (French part),MAF,Military expenditure (% of GDP),MS.MIL.XPND.GD.ZS,NA,NA,NA,NA,NA,NA,NA,NA,NA,NA,NA,NA,NA,NA,NA,NA,NA,NA,NA,NA,NA,NA,NA,NA
St. Vincent and the Grenadines,VCT,Military expenditure (% of GDP),MS.MIL.XPND.GD.ZS,NA,NA,NA,NA,NA,NA,NA,NA,NA,NA,NA,NA,NA,NA,NA,NA,NA,NA,NA,NA,NA,NA,NA,NA
Sudan,SDN,Military expenditure (% of GDP),MS.MIL.XPND.GD.ZS,2.612631416,2.904863597,1.767786721,1.003273859,1.179076091,0.836659549,2.310689605,4.021869287,4.791175505,2.943904368,3.27361826,2.256054847,5.782335397,4.392071908,4.29113043,NA,NA,NA,NA,NA,NA,NA,NA,NA
Suriname,SUR,Military expenditure (% of GDP),MS.MIL.XPND.GD.ZS,NA,NA,NA,NA,NA,NA,NA,NA,NA,NA,NA,NA,NA,NA,NA,NA,NA,NA,NA,NA,NA,NA,NA,NA
Swaziland,SWZ,Military expenditure (% of GDP),MS.MIL.XPND.GD.ZS,1.632710072,1.748048617,1.81809083,1.693339482,1.65257857,1.494838566,1.631756447,1.670226715,1.605196745,1.457397173,1.497961904,1.72207883,1.763833107,2.301466561,1.985146779,2.026232495,2.207379645,2.413967801,2.892259277,2.148471415,1.844958938,1.885836754,1.843583165,1.811002957
Sweden,SWE,Military expenditure (% of GDP),MS.MIL.XPND.GD.ZS,2.289824928,2.386834348,2.279938524,2.169931226,2.153181248,1.967353403,1.923634524,1.900972986,1.843504212,1.720611913,1.649923965,1.602385258,1.444753602,1.418472892,1.327812987,1.309138798,1.172216664,1.178375975,1.205200918,1.123181599,1.147986322,1.12809089,1.147874317,1.091511628
Switzerland,CHE,Military expenditure (% of GDP),MS.MIL.XPND.GD.ZS,1.526222305,1.369505,1.335752848,1.359215984,1.286175155,1.220584029,1.184590299,1.085508949,1.03077964,0.991888974,0.957306224,0.929084496,0.890330025,0.855037035,0.775655591,0.738290918,0.743077467,0.751711066,0.708080592,0.714349522,0.690127103,0.73481457,0.65799317,0.71748907
Syrian Arab Republic,SYR,Military expenditure (% of GDP),MS.MIL.XPND.GD.ZS,8.990662756,7.238099842,7.36414273,6.949691317,6.041916055,5.882755113,5.808381118,5.810580496,5.339916248,5.256441186,5.213041082,6.248306821,5.541838676,5.026426577,4.394433936,4.100551782,NA,NA,NA,NA,NA,NA,NA,NA
Tajikistan,TJK,Military expenditure (% of GDP),MS.MIL.XPND.GD.ZS,0.395672334,3.442140208,1.944595486,1.0215265,1.289264707,2.06674076,1.71301428,1.392093164,1.203071094,1.153633687,2.09464064,2.238429556,2.172785147,NA,NA,NA,1.016547358,0.95450469,0.952762566,1.093741167,0.999084702,NA,1.128380097,NA
Tanzania,TZA,Military expenditure (% of GDP),MS.MIL.XPND.GD.ZS,2.10602696,1.379281568,1.294115754,1.627214037,1.555349473,1.543544868,1.436858367,1.325014953,1.325926462,1.451604644,1.302598581,1.07430688,0.994614644,0.823941318,0.792124011,0.773035719,0.708331843,0.768094083,0.908923798,0.916153061,0.926954971,1.000099681,1.033177464,1.142456494
Thailand,THA,Military expenditure (% of GDP),MS.MIL.XPND.GD.ZS,2.657419097,2.448835416,2.461853736,2.273782373,2.151525081,2.173922505,1.856368281,1.623797633,1.48823095,1.433787439,1.349949251,1.242127969,1.079806927,1.048229744,1.101160564,1.339696861,1.532688186,1.704575588,1.455581361,1.487548986,1.382341814,1.405443383,1.417140831,1.451242605
Timor-Leste,TMP,Military expenditure (% of GDP),MS.MIL.XPND.GD.ZS,NA,NA,NA,NA,NA,NA,NA,NA,NA,NA,NA,NA,NA,1.676171079,3.694384449,4.245974955,3.407925072,4.459779951,2.825374732,1.804042179,2.578223938,2.402047005,2.160486212,2.616792538
Togo,TGO,Military expenditure (% of GDP),MS.MIL.XPND.GD.ZS,2.901057897,4.065504158,2.584511494,2.35626633,NA,NA,NA,NA,NA,NA,NA,1.722612252,1.637501906,1.571423399,NA,NA,1.802138786,1.742989973,1.791169765,1.571312502,1.627547539,1.774497293,1.853415232,1.748240376
Tonga,TON,Military expenditure (% of GDP),MS.MIL.XPND.GD.ZS,NA,NA,NA,NA,NA,NA,NA,NA,NA,NA,NA,NA,NA,NA,NA,NA,NA,NA,NA,NA,NA,NA,NA,NA
Trinidad and Tobago,TTO,Military expenditure (% of GDP),MS.MIL.XPND.GD.ZS,NA,0.494283162,0.489224439,NA,NA,NA,NA,NA,NA,0.158024768,0.216379463,0.29840942,0.571441701,0.611628774,0.629101508,0.576422482,0.499095199,0.722412047,0.680035758,0.598450367,0.68656079,0.774750781,0.675733049,0.914531218
Tunisia,TUN,Military expenditure (% of GDP),MS.MIL.XPND.GD.ZS,1.869281618,1.890472618,1.900239032,1.901852004,2.029234828,1.726422413,1.677978049,1.556081394,1.547906623,1.521112564,1.492641651,1.483887565,1.425901037,1.451601347,1.446313954,1.261011537,1.290624921,1.299653017,1.296656067,1.561274077,1.512341073,1.641619451,1.936373985,2.277123055
Turkey,TUR,Military expenditure (% of GDP),MS.MIL.XPND.GD.ZS,3.870608981,3.921403206,4.05136028,3.901651695,4.139699689,4.103671775,3.261150093,3.984515055,3.749156472,3.681529298,3.892134274,3.391964825,2.784808639,2.501341775,2.517014289,2.367209012,2.345159125,2.66077219,2.453603838,2.233529806,2.276470509,2.261104313,2.224674663,2.126691473
Turkmenistan,TKM,Military expenditure (% of GDP),MS.MIL.XPND.GD.ZS,NA,NA,1.752293578,2.308742331,2.041758582,3.962264151,3.113969275,2.901874751,NA,NA,NA,NA,NA,NA,NA,NA,NA,NA,NA,NA,NA,NA,NA,NA
Turks and Caicos Islands,TCA,Military expenditure (% of GDP),MS.MIL.XPND.GD.ZS,NA,NA,NA,NA,NA,NA,NA,NA,NA,NA,NA,NA,NA,NA,NA,NA,NA,NA,NA,NA,NA,NA,NA,NA
Tuvalu,TUV,Military expenditure (% of GDP),MS.MIL.XPND.GD.ZS,NA,NA,NA,NA,NA,NA,NA,NA,NA,NA,NA,NA,NA,NA,NA,NA,NA,NA,NA,NA,NA,NA,NA,NA
Uganda,UGA,Military expenditure (% of GDP),MS.MIL.XPND.GD.ZS,2.161173592,1.933967898,2.317755501,2.292613111,2.313466857,2.279431218,2.534810607,2.84361193,2.481440874,2.321654155,2.357756278,2.404721874,2.309870169,2.403722358,2.197952161,2.050946116,2.190146634,1.727359284,3.23703118,3.253449059,1.482999325,1.214721235,1.235579046,1.251999674
Ukraine,UKR,Military expenditure (% of GDP),MS.MIL.XPND.GD.ZS,NA,0.46535782,2.50047966,2.828505582,3.287577065,4.124671889,3.355004613,2.982168265,3.636149821,2.863999216,2.774899252,2.848390089,2.597120363,2.792489331,2.771591813,2.870002817,2.672911727,2.945108365,2.73386731,2.258323327,2.353437002,2.418990952,3.060071691,3.997306333
United Arab Emirates,ARE,Military expenditure (% of GDP),MS.MIL.XPND.GD.ZS,NA,NA,NA,NA,NA,4.231250302,5.299481134,5.012801249,5.631571668,5.612105047,4.875526903,4.692310724,4.611473885,3.656477456,3.226126784,3.28052137,3.668022985,5.457107235,6.119467822,5.503679015,5.094427674,6.085109106,5.696581765,NA
United Kingdom,GBR,Military expenditure (% of GDP),MS.MIL.XPND.GD.ZS,3.456342889,3.211234729,3.024573401,2.767222659,2.639624365,2.466530389,2.3985215,2.328517878,2.267587157,2.300193342,2.36040754,2.415862325,2.348604541,2.279978924,2.221015626,2.221828464,2.3489616,2.50224301,2.416511737,2.322798059,2.223769572,2.09644491,1.977827291,1.946550943
United States,USA,Military expenditure (% of GDP),MS.MIL.XPND.GD.ZS,4.666264687,4.326925453,3.941286854,3.63848926,3.350744012,3.209903218,3.017635938,2.908393909,2.933432016,2.944343646,3.249551766,3.607287847,3.785570066,3.844230435,3.808200528,3.847044079,4.220046469,4.636792441,4.665615102,4.583975977,4.238744607,3.839031732,3.515745252,3.321023752
Uruguay,URY,Military expenditure (% of GDP),MS.MIL.XPND.GD.ZS,2.849516349,2.792398358,2.577706272,2.71463971,2.805941719,2.399717832,2.258134519,2.394459652,2.463495991,2.505810491,2.531175048,2.299939181,2.104876371,2.081556704,2.062824064,1.839228397,1.952681327,2.054796114,1.95612183,1.755696239,1.765349045,1.85728686,1.488205607,1.800773252
Uzbekistan,UZB,Military expenditure (% of GDP),MS.MIL.XPND.GD.ZS,NA,NA,1.527491769,1.108038547,1.234188966,1.402495828,NA,1.637649977,1.151780934,0.834782696,0.597786003,0.538919074,NA,NA,NA,NA,NA,NA,NA,NA,NA,NA,NA,NA
Vanuatu,VUT,Military expenditure (% of GDP),MS.MIL.XPND.GD.ZS,NA,NA,NA,NA,NA,NA,NA,NA,NA,NA,NA,NA,NA,NA,NA,NA,NA,NA,NA,NA,NA,NA,NA,NA
"Venezuela, RB",VEN,Military expenditure (% of GDP),MS.MIL.XPND.GD.ZS,1.698354794,2.216884513,1.643862958,1.600788319,1.074193287,1.79528715,1.588588016,1.437199004,1.526570129,1.555107911,1.153373596,1.182690627,1.288301812,1.411439033,1.633757629,1.289305124,1.370437899,1.220338899,0.853924398,0.753524678,1.302331847,1.430909738,NA,NA
Vietnam,VNM,Military expenditure (% of GDP),MS.MIL.XPND.GD.ZS,3.374588404,2.258694628,2.649355218,NA,NA,NA,NA,NA,NA,NA,NA,1.970947468,1.851504436,1.780960852,1.938364584,2.304757337,2.156372927,2.265209922,2.305049337,1.982099234,2.156886368,2.176849795,2.285507647,2.361155697
Virgin Islands (U.S.),VIR,Military expenditure (% of GDP),MS.MIL.XPND.GD.ZS,NA,NA,NA,NA,NA,NA,NA,NA,NA,NA,NA,NA,NA,NA,NA,NA,NA,NA,NA,NA,NA,NA,NA,NA
West Bank and Gaza,WBG,Military expenditure (% of GDP),MS.MIL.XPND.GD.ZS,NA,NA,NA,NA,NA,NA,NA,NA,NA,NA,NA,NA,NA,NA,NA,NA,NA,NA,NA,NA,NA,NA,NA,NA
"Yemen, Rep.",YEM,Military expenditure (% of GDP),MS.MIL.XPND.GD.ZS,7.277043191,7.063920416,8.398759041,6.350578483,5.281345941,5.805752597,6.081568704,5.172722436,4.915392365,5.481014692,6.89560795,6.854552052,5.301366496,4.868317012,4.308466835,4.098115553,3.935923819,4.992278598,4.685556433,5.187624348,5.047086994,4.585658034,NA,NA
Zambia,ZMB,Military expenditure (% of GDP),MS.MIL.XPND.GD.ZS,2.955769676,1.561882115,1.719245351,1.451688393,1.051809549,1.007661035,NA,1.648318463,NA,NA,NA,NA,1.580899606,1.674406236,1.613645798,1.652418863,1.552422316,1.441530462,1.38259305,1.31763957,1.357868638,1.359736326,1.634832349,1.749333478
Zimbabwe,ZWE,Military expenditure (% of GDP),MS.MIL.XPND.GD.ZS,4.389413023,3.805714584,3.597615618,3.696948282,3.409856204,3.650828138,4.779780068,3.840762567,5.176415468,4.230245333,10.67467005,3.401080363,4.411259311,2.283146597,2.970298939,NA,NA,NA,1.043210755,1.811189265,2.568218402,2.644136361,2.592817276,2.711283475
