Country Name,Country Code,Series Name,Series Code,2002 [YR2002],2003 [YR2003],2004 [YR2004],2005 [YR2005],2006 [YR2006],2007 [YR2007],2008 [YR2008],2009 [YR2009],2010 [YR2010],2011 [YR2011],2012 [YR2012],2013 [YR2013],2014 [YR2014],2015 [YR2015]
Afghanistan,AFG,Population growth (annual %),SP.POP.GROW,4.550804562,4.639094454,4.315131588,3.7586963,3.161258348,2.718198096,2.485314572,2.525627754,2.736885959,2.983978666,3.135546164,3.164336274,3.033472553,2.802986283
Albania,ALB,Population growth (annual %),SP.POP.GROW,-0.299876697,-0.374149169,-0.417931378,-0.511790116,-0.630911245,-0.755718755,-0.767342959,-0.673894046,-0.496461963,-0.283303108,-0.156175016,-0.124031847,-0.103552395,-0.155183807
Algeria,DZA,Population growth (annual %),SP.POP.GROW,1.258470687,1.256511942,1.295295915,1.363904736,1.436792867,1.507551588,1.589910176,1.682726018,1.77604672,1.872060709,1.948088888,1.974814461,1.940399184,1.86309983
American Samoa,ASM,Population growth (annual %),SP.POP.GROW,0.946074376,0.658488879,0.244976005,-0.244976005,-0.796505718,-1.27670071,-1.519148718,-1.421569628,-1.054880962,-0.576827614,-0.161023347,0.135711011,0.238404968,0.187434723
Andorra,ADO,Population growth (annual %),SP.POP.GROW,4.720793543,5.126303185,4.642944647,3.61784254,2.612605765,1.789041541,0.865725022,-0.165994544,-1.241974138,-2.510551958,-3.724710143,-4.399683922,-4.19194055,-3.229397128
Angola,AGO,Population growth (annual %),SP.POP.GROW,3.45384539,3.547199042,3.55530349,3.507711629,3.448621487,3.406206726,3.37418026,3.35914867,3.353692563,3.3474133,3.331567413,3.306204563,3.269552406,3.226505657
Antigua and Barbuda,ATG,Population growth (annual %),SP.POP.GROW,1.330820512,1.086170222,1.001102924,1.031156608,1.086548225,1.108051179,1.122859329,1.106914885,1.07531016,1.047989749,1.034875307,1.023163952,1.011701141,1.004835565
Argentina,ARG,Population growth (annual %),SP.POP.GROW,1.10909464,1.102473015,1.088568664,1.070230213,1.050166529,1.033983722,1.025392833,1.02680978,1.034454869,1.044287673,1.049809261,1.047065055,1.033055553,1.010993037
Armenia,ARM,Population growth (annual %),SP.POP.GROW,-0.418746421,-0.35600265,-0.344352298,-0.366336612,-0.423993809,-0.468893956,-0.438963628,-0.300313112,-0.088100324,0.151328197,0.348282812,0.46404666,0.465529171,0.383740747
Aruba,ABW,Population growth (annual %),SP.POP.GROW,2.236520048,2.104134709,1.764478212,1.296975011,0.795579246,0.384067624,0.122432875,0.072993424,0.178313751,0.333115822,0.447318552,0.514335276,0.503969821,0.432161961
Australia,AUS,Population growth (annual %),SP.POP.GROW,1.220563785,1.233996663,1.159352162,1.319789554,1.475227945,0.624678435,2.00402174,2.06104513,1.555489589,1.389527316,1.722895219,1.69747275,1.488744923,1.342305215
Austria,AUT,Population growth (annual %),SP.POP.GROW,0.491980464,0.487133895,0.620413127,0.681267248,0.494797775,0.324146535,0.313041438,0.26195319,0.2403943,0.337080842,0.455937472,0.584103986,0.730867277,0.810525812
Azerbaijan,AZE,Population growth (annual %),SP.POP.GROW,0.746173583,0.757650956,0.87542728,1.022265592,1.098586574,1.133855466,2.099854033,2.076148264,1.189787708,1.303000855,1.328763827,1.293447027,1.248208997,1.212017404
"Bahamas, The",BHS,Population growth (annual %),SP.POP.GROW,1.970314006,2.1081643,2.125112873,2.05720208,1.972264265,1.904903779,1.832007998,1.76100387,1.690905423,1.616713861,1.536224957,1.453715074,1.37024992,1.287833609
Bahrain,BHR,Population growth (annual %),SP.POP.GROW,4.291709957,4.873994189,5.913352624,7.050667972,8.168395622,8.723739828,8.33298234,7.00785802,5.252839542,3.482175173,2.08850552,1.181525215,0.92227535,1.117650683
Bangladesh,BGD,Population growth (annual %),SP.POP.GROW,1.816606212,1.726004223,1.605803333,1.47034775,1.326957091,1.203348026,1.125881485,1.109061795,1.134879634,1.172933905,1.199882864,1.216351172,1.214377385,1.198570972
Barbados,BRB,Population growth (annual %),SP.POP.GROW,0.29253108,0.287637672,0.304390794,0.337047754,0.374099112,0.404213949,0.419536308,0.414192513,0.394243135,0.369889455,0.347930381,0.327257096,0.309958314,0.294224087
Belarus,BLR,Population growth (annual %),SP.POP.GROW,-0.636590843,-0.691692311,-0.686232016,-0.690973718,-0.612448066,-0.45919513,-0.335289501,-0.220646268,-0.178975676,-0.179296573,-0.095052022,0.021130481,0.179429042,0.315856232
Belgium,BEL,Population growth (annual %),SP.POP.GROW,0.448268895,0.418641508,0.432788248,0.550055708,0.659558215,0.734330831,0.789976845,0.804599573,0.913639392,1.386849113,0.726031655,0.489184301,0.431837338,0.484152118
Belize,BLZ,Population growth (annual %),SP.POP.GROW,2.789479209,2.60867665,2.550682375,2.57234884,2.603495305,2.597769112,2.567925042,2.502993156,2.418241811,2.330768292,2.256891106,2.198943059,2.159305277,2.132591267
Benin,BEN,Population growth (annual %),SP.POP.GROW,3.288009299,3.32829034,3.299082005,3.223668816,3.144175251,3.077784219,3.007811877,2.93695816,2.867447847,2.795457664,2.72747256,2.674807796,2.641076758,2.619974108
Bermuda,BMU,Population growth (annual %),SP.POP.GROW,0.652758223,0.656472533,0.655349388,0.649513649,0.575178477,0.565689754,0.593330046,0.55612581,-0.780059723,-0.859898041,0.362431076,0.313281274,0.212304426,0.147377147
Bhutan,BTN,Population growth (annual %),SP.POP.GROW,2.991560471,2.972162853,2.840340006,2.634044667,2.39101038,2.158359835,1.964375993,1.83064949,1.738886845,1.652370276,1.553599543,1.458432042,1.364945236,1.275735916
Bolivia,BOL,Population growth (annual %),SP.POP.GROW,1.830576524,1.798939164,1.769858147,1.742858867,1.715965239,1.689102492,1.664138907,1.641499114,1.620665075,1.600245545,1.580226809,1.561845764,1.545278399,1.529800311
Bosnia and Herzegovina,BIH,Population growth (annual %),SP.POP.GROW,0.226075116,0.235153525,0.223964318,0.195972279,0.133656942,0.049850748,-0.017421496,-0.052543277,-0.064485946,-0.076895311,-0.10158303,-0.127705994,-0.156496091,-0.187153386
Botswana,BWA,Population growth (annual %),SP.POP.GROW,1.360382728,1.321413347,1.38843124,1.527320835,1.684653987,1.817042848,1.920641283,1.979698765,2.003448971,2.024220198,2.042259924,2.027669106,1.975614057,1.898494963
Brazil,BRA,Population growth (annual %),SP.POP.GROW,1.461195284,1.415948328,1.34637133,1.261578257,1.170442045,1.088080503,1.024472074,0.986850983,0.967796558,0.953765381,0.935181982,0.913687864,0.886360083,0.855052949
British Virgin Islands,VGB,Population growth (annual %),SP.POP.GROW,2.079057451,2.159514198,2.416032017,2.761240473,3.139795271,3.400611372,3.45293446,3.250756902,2.880604592,2.477951524,2.144825825,1.900385493,1.797364348,1.782232025
Brunei Darussalam,BRN,Population growth (annual %),SP.POP.GROW,1.854395147,1.782019622,1.742104045,1.724985602,1.715292884,1.699185384,1.675521988,1.639385248,1.594637459,1.549331208,1.507938953,1.465612377,1.422402986,1.378590492
Bulgaria,BGR,Population growth (annual %),SP.POP.GROW,-1.911020315,-0.572406973,-0.543375463,-0.531678823,-0.529571959,NA,-0.701922745,-0.644281363,-0.658275447,-0.641228921,-0.579220596,-0.559647217,-0.568389264,-0.638069468
Burkina Faso,BFA,Population growth (annual %),SP.POP.GROW,2.865869372,2.891738776,2.932050774,2.978598094,3.025356389,3.059559499,3.07212784,3.058628613,3.027773209,2.992039203,2.9604399,2.932567203,2.911018317,2.893466212
Burundi,BDI,Population growth (annual %),SP.POP.GROW,3.022892266,3.314564753,3.457836008,3.496163222,3.51512201,3.544436497,3.544561077,3.519276012,3.477232803,3.418642812,3.358846017,3.316265,3.297803748,3.292392347
Cabo Verde,CPV,Population growth (annual %),SP.POP.GROW,1.781043653,1.585749366,1.354592123,1.110899891,0.848518827,0.628009355,0.527613849,0.587123543,0.758612187,0.970036159,1.146766326,1.267316352,1.302061946,1.275336115
Cambodia,KHM,Population growth (annual %),SP.POP.GROW,1.855166429,1.713924436,1.623166596,1.571770549,1.52954223,1.492209037,1.481896344,1.500683641,1.538192192,1.585249184,1.62554555,1.646993135,1.641596126,1.616308513
Cameroon,CMR,Population growth (annual %),SP.POP.GROW,2.596497233,2.583570235,2.574142307,2.567138906,2.560365422,2.553494182,2.547806005,2.543230844,2.538641748,2.533832071,2.526741623,2.515153215,2.498110306,2.477142121
Canada,CAN,Population growth (annual %),SP.POP.GROW,0.897131277,0.996232739,1.002034424,0.985903767,0.796844597,0.969853611,1.082197086,1.144840183,1.113959721,0.987617711,1.183023858,1.15590039,1.098069388,0.863130607
Cayman Islands,CYM,Population growth (annual %),SP.POP.GROW,3.236749013,2.842414902,2.715234682,2.760751636,2.84861787,2.861053404,2.768243429,2.537212866,2.229722408,1.911039611,1.651191745,1.461744366,1.366353005,1.334595389
Central African Republic,CAF,Population growth (annual %),SP.POP.GROW,1.701192813,1.63203837,1.633216646,1.683684115,1.747727408,1.800746348,1.846227905,1.876656937,1.895959405,1.914746267,1.936521675,1.954537258,1.968283386,1.977644135
Chad,TCD,Population growth (annual %),SP.POP.GROW,3.832788047,3.829420977,3.745525293,3.614775486,3.47186779,3.357255221,3.287234162,3.274380807,3.297144918,3.324412729,3.334068973,3.328243395,3.301595089,3.261297138
Channel Islands,CHI,Population growth (annual %),SP.POP.GROW,0.736945557,0.745368029,0.744423563,0.733738185,0.721316085,0.70592828,0.681944554,0.648958634,0.609689,0.566124134,0.526374244,0.495867763,0.47930442,0.474574463
Chile,CHL,Population growth (annual %),SP.POP.GROW,1.204662458,1.18128285,1.162068266,1.146240458,1.131438488,1.117662374,1.106906629,1.099411039,1.093767575,1.088712405,1.082019205,1.071938836,1.057293581,1.038877486
China,CHN,Population growth (annual %),SP.POP.GROW,0.669999568,0.622860936,0.593932815,0.58812499,0.558374367,0.522271866,0.512386932,0.497381401,0.482959689,0.479150454,0.487231118,0.493709634,0.506311592,0.508136747
Colombia,COL,Population growth (annual %),SP.POP.GROW,1.413720469,1.384689768,1.347887769,1.30563499,1.262870976,1.22187352,1.180647228,1.139577789,1.098885362,1.057897537,1.017448805,0.979265829,0.944004218,0.910880196
Comoros,COM,Population growth (annual %),SP.POP.GROW,2.445781495,2.416060824,2.408256702,2.415330163,2.424494737,2.429948318,2.435438416,2.439295595,2.44119501,2.442675067,2.440600902,2.428624816,2.404550925,2.372060539
"Congo, Dem. Rep.",ZAR,Population growth (annual %),SP.POP.GROW,3.032268968,3.14932676,3.203966622,3.21515088,3.223156396,3.240784992,3.24647977,3.240630753,3.226591436,3.206611698,3.185422259,3.166936931,3.15317545,3.141738113
"Congo, Rep.",COG,Population growth (annual %),SP.POP.GROW,2.266416926,2.267617307,2.403025645,2.617217444,2.856512616,3.034824573,3.10303741,3.032650617,2.876435204,2.701852333,2.570033801,2.491822399,2.486347213,2.528667516
Costa Rica,CRI,Population growth (annual %),SP.POP.GROW,1.647876845,1.532833426,1.469265788,1.441752315,1.424579755,1.398345374,1.364748944,1.317725619,1.262247022,1.207437562,1.159669752,1.11714313,1.081430428,1.050539819
Cote d'Ivoire,CIV,Population growth (annual %),SP.POP.GROW,1.879864515,1.765587019,1.762251733,1.837725279,1.931784544,2.012354109,2.095748179,2.173638484,2.244373329,2.31975447,2.390461896,2.433577819,2.44243261,2.427516558
Croatia,HRV,Population growth (annual %),SP.POP.GROW,0,0,-0.022525059,0.067559962,-0.045034903,-0.090130696,-0.033639562,-0.122523788,-0.255390216,NA,-0.305655945,-0.278509063,-0.407343185,-0.330505844
Cuba,CUB,Population growth (annual %),SP.POP.GROW,0.296096046,0.270516617,0.23017071,0.181070556,0.125548849,0.078406894,0.054894328,0.06377813,0.094587294,0.136419273,0.168188789,0.175061758,0.146040659,0.09180158
Curacao,CUW,Population growth (annual %),SP.POP.GROW,0.12236112,2.062102467,1.725029528,2.550073807,2.568114257,1.974862198,1.258225307,0.651152062,1.265514155,1.420897663,0.829929595,1.133678907,1.347641396,1.357566183
Cyprus,CYP,Population growth (annual %),SP.POP.GROW,1.895733268,1.847038884,1.755477243,1.63632763,1.509679161,1.396960103,1.305595518,1.243478525,1.203111263,1.16731774,1.12728698,1.087570799,1.046142743,1.004080092
Czech Republic,CZE,Population growth (annual %),SP.POP.GROW,-0.192901618,-0.028620591,0.030434848,0.13832598,0.270795629,0.583542205,0.829412603,0.569729451,0.291361674,0.206747667,0.139925656,0.033169946,0.105277582,0.245505012
Denmark,DNK,Population growth (annual %),SP.POP.GROW,0.319487125,0.272010444,0.258432282,0.275481733,0.328645159,0.443466054,0.58754759,0.535079062,0.444197155,0.411737855,0.376272243,0.416901361,0.507053283,0.574710113
Djibouti,DJI,Population growth (annual %),SP.POP.GROW,1.537122361,1.490858875,1.441735922,1.392215495,1.344330089,1.305606457,1.284086489,1.283415664,1.296887337,1.315333288,1.3295603,1.337333183,1.335093432,1.325049786
Dominica,DMA,Population growth (annual %),SP.POP.GROW,0.209370102,0.360350444,0.380388397,0.308092274,0.209584307,0.148425655,0.121403781,0.160703748,0.24197758,0.329665233,0.395564054,0.445404035,0.465548899,0.467519349
Dominican Republic,DOM,Population growth (annual %),SP.POP.GROW,1.542113002,1.522194082,1.496788788,1.467462282,1.437702589,1.409276686,1.380892268,1.352777359,1.324618722,1.296441774,1.267432333,1.236747555,1.203986962,1.169842771
Ecuador,ECU,Population growth (annual %),SP.POP.GROW,1.691879243,1.650495238,1.642210034,1.656033576,1.676827584,1.689524886,1.690057554,1.672785172,1.643066624,1.611274402,1.583291544,1.556097917,1.530902125,1.506845985
"Egypt, Arab Rep.",EGY,Population growth (annual %),SP.POP.GROW,1.862949797,1.870619325,1.849213207,1.812441515,1.761984104,1.730021516,1.750948187,1.839638129,1.967711427,2.106638179,2.211107117,2.254326174,2.218863304,2.129892119
El Salvador,SLV,Population growth (annual %),SP.POP.GROW,0.504530495,0.452272192,0.408591186,0.372582143,0.341593391,0.315510506,0.296648938,0.285541824,0.2809033,0.279521916,0.280768403,0.286321131,0.296162908,0.308591942
Equatorial Guinea,GNQ,Population growth (annual %),SP.POP.GROW,3.341850251,3.310663431,3.257528554,3.192467644,3.122658529,3.062344526,3.021632656,3.004723029,3.002596957,3.00206104,2.992522503,2.973587624,2.942546724,2.902460419
Eritrea,ERI,Population growth (annual %),SP.POP.GROW,3.588087418,3.625564578,3.416915609,3.060109556,2.664254171,2.338805997,2.118405642,2.043376342,2.070801018,2.107928136,NA,NA,NA,NA
Estonia,EST,Population growth (annual %),SP.POP.GROW,-0.633433796,-0.627622448,-0.59782051,-0.572255525,-0.58965556,-0.456188535,-0.26813372,-0.192768077,-0.228057969,-0.303582824,-0.357944411,-0.355891803,-0.262256175,-0.193943202
Ethiopia,ETH,Population growth (annual %),SP.POP.GROW,2.879547742,2.858436528,2.82405373,2.781440422,2.738922043,2.701817967,2.668474458,2.639978081,2.61459282,2.589340241,2.562640856,2.535255744,2.50680866,2.47736063
Faroe Islands,FRO,Population growth (annual %),SP.POP.GROW,0.931578553,0.755798022,0.606789121,0.485276771,0.346957247,0.193606915,0.06171062,-0.032907592,-0.094669692,-0.154545204,-0.204366072,-0.208925969,-0.147130465,-0.045633687
Fiji,FJI,Population growth (annual %),SP.POP.GROW,0.181114789,0.114561093,0.211501008,0.422516519,0.675477493,0.883095337,1.010417224,1.020385713,0.946142309,0.853949457,0.784506905,0.721402614,0.674955886,0.640395308
Finland,FIN,Population growth (annual %),SP.POP.GROW,0.24238105,0.23845724,0.290350362,0.342248594,0.383777136,0.425429832,0.465549285,0.478246393,0.457494535,0.463558707,0.475809487,0.460723773,0.413560208,0.374669478
France,FRA,Population growth (annual %),SP.POP.GROW,0.727229885,0.708775986,0.736319943,0.753805556,0.697191228,0.618711483,0.55885743,0.514486365,0.494037459,0.483644885,0.483982304,0.474516613,0.790901326,0.468770345
French Polynesia,PYF,Population growth (annual %),SP.POP.GROW,1.544730783,1.419889,1.309110186,1.212973358,1.110786564,1.015272419,0.961711264,0.959709347,0.994615277,1.037997767,1.069713507,1.086578267,1.083477045,1.06054732
Gabon,GAB,Population growth (annual %),SP.POP.GROW,2.255876606,2.217032951,2.208283936,2.220249636,2.235212269,2.244585293,2.25347596,2.26008213,2.263388246,2.267448678,2.268565849,2.258907755,2.236266447,2.204565449
"Gambia, The",GMB,Population growth (annual %),SP.POP.GROW,3.151679407,3.211012886,3.233858184,3.232073446,3.223270884,3.22054978,3.222963069,3.233740594,3.247860956,3.259751372,3.262697919,3.253973956,3.231992692,3.201140871
Georgia,GEO,Population growth (annual %),SP.POP.GROW,-0.672509797,-1.301501055,-1.302691682,-1.304108583,-1.297159673,-1.314207282,-1.282068843,-1.298719553,-1.315808458,-1.307543305,-1.298719553,-1.2893219,-1.306162779,-1.296264437
Germany,DEU,Population growth (annual %),SP.POP.GROW,0.168128319,0.055363304,-0.021709728,-0.056778262,-0.112797498,-0.133718573,-0.190142845,-0.25338341,-0.153198447,0.025362128,-1.691348956,2.100157101,-1.410379527,0.530366451
Ghana,GHA,Population growth (annual %),SP.POP.GROW,2.530083218,2.580182325,2.60112095,2.60029289,2.595248421,2.590751378,2.576071445,2.550882259,2.517554144,2.480596918,2.441272627,2.397635733,2.350075661,2.300231881
Gibraltar,GIB,Population growth (annual %),SP.POP.GROW,1.164333756,1.377417539,1.417965636,1.336261099,1.220173383,1.124878853,1.065848143,1.051318861,1.063161194,1.084170557,1.072542257,1.007581161,0.869475164,0.685211514
Greece,GRC,Population growth (annual %),SP.POP.GROW,0.366566462,0.238643175,0.247413543,0.293249074,0.300331801,0.254757582,0.265457837,0.263026401,0.128880433,-0.147951277,-0.540752951,-0.725120807,-0.66611329,-0.632536106
Greenland,GRL,Population growth (annual %),SP.POP.GROW,0.458574268,0.275195545,0.256870545,0.04216222,-0.283179181,-0.386485847,-0.402186877,-0.008876974,1.028023326,-0.026363197,-0.140721219,-0.577265865,-0.333398667,-0.322038549
Grenada,GRD,Population growth (annual %),SP.POP.GROW,0.246140091,0.26507442,0.278986466,0.285981285,0.298724823,0.317144421,0.334424298,0.349610406,0.362723211,0.374737622,0.385664418,0.403069929,0.421200052,0.446584284
Guam,GUM,Population growth (annual %),SP.POP.GROW,0.525414238,0.369449167,0.234797603,0.130766455,0.017675094,-0.061244915,-0.013895819,0.196257292,0.514996689,0.885431232,1.204346196,1.411308829,1.456149626,1.388170282
Guatemala,GTM,Population growth (annual %),SP.POP.GROW,2.437201061,2.424198289,2.391881097,2.346843946,2.298528255,2.25450563,2.215217447,2.183077451,2.156000018,2.129043456,2.100666307,2.073729463,2.048252145,2.023674003
Guinea,GIN,Population growth (annual %),SP.POP.GROW,1.75467283,1.818774664,1.954566096,2.135068027,2.343585602,2.535892278,2.671068832,2.728375086,2.730596725,2.722621551,2.723327101,2.714271982,2.698294373,2.677072216
Guinea-Bissau,GNB,Population growth (annual %),SP.POP.GROW,2.11501717,2.116021409,2.124636833,2.139790064,2.151915043,2.166834999,2.198535439,2.250734234,2.312927383,2.377167932,2.426886212,2.449486737,2.438527521,2.40417326
Guyana,GUY,Population growth (annual %),SP.POP.GROW,-0.007535643,-0.076734403,-0.050515291,0.044858847,0.162831418,0.259577691,0.329108425,0.354006288,0.347448111,0.334074633,0.333753421,0.345258441,0.375100609,0.416988961
Haiti,HTI,Population growth (annual %),SP.POP.GROW,1.62236162,1.592461468,1.576392866,1.569201638,1.564546197,1.555189016,1.53851361,1.511659552,1.477558505,1.442333818,1.408851593,1.374736619,1.340572727,1.306576618
Honduras,HND,Population growth (annual %),SP.POP.GROW,1.984431457,1.939870991,1.899179152,1.860598552,1.826882836,1.792143245,1.747160287,1.688651031,1.622622006,1.554236301,1.493977504,1.449196017,1.424638087,1.414026656
"Hong Kong SAR, China",HKG,Population growth (annual %),SP.POP.GROW,0.442846827,-0.197404126,0.779918562,0.436871406,0.642270483,0.859633272,0.598238787,0.215353334,0.734446396,0.672543292,1.166874383,0.458789964,0.751257934,0.879887992
Hungary,HUN,Population growth (annual %),SP.POP.GROW,-0.284751377,-0.286433268,-0.221439379,-0.198878843,-0.155716485,-0.154915158,-0.175097367,-0.154908814,-0.226013876,-0.283360436,-0.516437607,-0.275368757,-0.269378767,-0.22101201
Iceland,ISL,Population growth (annual %),SP.POP.GROW,0.892596377,0.69249762,0.877936158,1.582891978,2.34742243,2.530085489,1.859572171,0.341241979,-0.143903,0.305468368,0.532100735,0.9458859,1.112504755,1.044358627
India,IND,Population growth (annual %),SP.POP.GROW,1.692964725,1.653868187,1.615377319,1.577221429,1.540257607,1.502933906,1.462900688,1.419375347,1.374351006,1.328401097,1.285832037,1.251190626,1.226730296,1.20929453
Indonesia,IDN,Population growth (annual %),SP.POP.GROW,1.352808213,1.342892983,1.334985753,1.328581128,1.321272163,1.31419028,1.310351365,1.310373377,1.311455309,1.313747333,1.310610019,1.293982944,1.260193359,1.214438403
"Iran, Islamic Rep.",IRN,Population growth (annual %),SP.POP.GROW,1.314337347,1.211884701,1.160569661,1.147658404,1.135887168,1.118453194,1.12281982,1.151869286,1.195468741,1.245952092,1.28539455,1.298659914,1.276545297,1.228136383
Iraq,IRQ,Population growth (annual %),SP.POP.GROW,2.784582287,2.715514769,2.656908165,2.61434079,2.555267908,2.51722747,2.569439057,2.730604031,2.950706677,3.18696753,3.362777672,3.429081831,3.361273266,3.208518261
Ireland,IRL,Population growth (annual %),SP.POP.GROW,1.685148857,1.628950962,1.828313818,2.178703014,2.696005644,2.890960005,2.038708011,1.015663276,0.544884384,0.364213884,0.220500759,0.248160454,0.410851014,0.50719881
Isle of Man,IMY,Population growth (annual %),SP.POP.GROW,0.910694698,0.835388505,0.833490523,0.886361058,0.947639559,0.986365834,0.99969858,0.975441478,0.928078143,0.876059347,0.83115294,0.793078976,0.766181328,0.746685992
Israel,ISR,Population growth (annual %),SP.POP.GROW,2.014058394,1.805519759,1.767623642,1.762897661,1.767805874,1.776100869,1.776579106,2.390207338,1.82675241,1.848077862,1.846151321,1.866052895,1.919543799,1.984868821
Italy,ITA,Population growth (annual %),SP.POP.GROW,0.148916429,0.444507313,0.647182705,0.491389108,0.300559689,0.504933687,0.662469253,0.45561345,0.307591222,0.171978291,0.26954124,1.159251117,0.917504096,0.021292655
Jamaica,JAM,Population growth (annual %),SP.POP.GROW,0.371475423,0.360385646,0.359395234,0.358335173,0.356490328,0.355148869,0.354415991,0.353127025,0.351364139,0.33443048,0.294657238,0.253168707,0.216550537,0.197815357
Japan,JPN,Population growth (annual %),SP.POP.GROW,0.232527187,0.213980949,0.033662258,0.009392097,0.063373589,0.114908848,0.048425395,-0.012494631,0.017960542,-0.197526884,-0.200320559,-0.174866976,-0.162550166,-0.136430274
Jordan,JOR,Population growth (annual %),SP.POP.GROW,1.812421294,2.075980585,2.527897262,3.072205702,3.631667969,4.061023361,4.259310245,4.184565745,3.927784965,3.652369096,3.40393502,3.102178673,2.751211309,2.377946955
Kazakhstan,KAZ,Population growth (annual %),SP.POP.GROW,0.004125545,0.336402206,0.694922853,0.888891382,1.057664776,1.143857766,1.21836561,2.636252653,1.412240469,1.429659402,1.408352557,1.441785478,1.479722304,1.463577578
Kenya,KEN,Population growth (annual %),SP.POP.GROW,2.567553829,2.593923597,2.607590153,2.612630958,2.616117036,2.623403603,2.633180116,2.646232049,2.659321509,2.670896729,2.675206663,2.667037063,2.644121396,2.610792416
Kiribati,KIR,Population growth (annual %),SP.POP.GROW,1.71481272,1.757925373,1.842481497,1.951132032,2.066680912,2.154706145,2.184459407,2.139747873,2.049143122,1.943045067,1.853500114,1.788450933,1.758837015,1.752455198
"Korea, Dem. People’s Rep.",PRK,Population growth (annual %),SP.POP.GROW,0.884021296,0.861384115,0.807518431,0.73348439,0.655349544,0.590860946,0.545474991,0.526486163,0.5266798,0.532661683,0.534447146,0.533043995,0.525083325,0.512315385
"Korea, Rep.",KOR,Population growth (annual %),SP.POP.GROW,0.557631009,0.496708812,0.375613356,0.205166578,0.484653201,0.465519941,0.719755307,0.475570549,0.46317647,0.744180714,0.450977411,0.429494122,0.405959707,0.38220175
Kosovo,KSV,Population growth (annual %),SP.POP.GROW,0.067930793,0.067884679,0.067838626,0.067909885,0.803200286,0.803261833,0.803213478,0.803171845,0.803248961,0.85666657,0.792127511,0.712996115,-0.294473631,-0.86539806
Kuwait,KWT,Population growth (annual %),SP.POP.GROW,2.588930918,2.599242363,3.301352731,4.391727931,5.412506866,6.052590066,6.359991272,6.301268283,6.002088065,5.707784116,5.419750888,4.966122256,4.3408509,3.636495117
Kyrgyz Republic,KGZ,Population growth (annual %),SP.POP.GROW,0.917899317,1.048444924,1.210105425,1.127864459,1.075051294,0.953586964,0.950220145,1.207265644,1.192864429,1.216890729,1.665236559,1.984738667,2.006107899,2.060704678
Lao PDR,LAO,Population growth (annual %),SP.POP.GROW,1.42106736,1.383663029,1.421838017,1.510353331,1.61996331,1.711588214,1.765658812,1.766052994,1.730244893,1.684702619,1.653329544,1.638506177,1.647676918,1.671083305
Latvia,LVA,Population growth (annual %),SP.POP.GROW,-1.161838224,-0.966400801,-1.091312956,-1.080571457,-0.917272957,-0.816175507,-1.050939544,-1.651024968,-2.08130509,-1.820767002,-1.240359153,-1.071034803,-0.941743354,-0.77246822
Lebanon,LBN,Population growth (annual %),SP.POP.GROW,4.736427931,4.946036685,4.278581689,3.149097383,1.744868238,0.697211668,0.584834882,1.745355048,3.649092764,5.703105653,6.992350999,7.107568552,5.967518248,4.164439343
Lesotho,LSO,Population growth (annual %),SP.POP.GROW,0.745230263,0.702384803,0.696125955,0.71925323,0.750147911,0.785989471,0.84209416,0.919552627,1.008406698,1.106171828,1.192157153,1.242893486,1.24688598,1.216964474
Liberia,LBR,Population growth (annual %),SP.POP.GROW,2.369455122,1.728853638,1.915490264,2.638434451,3.457146283,3.982868759,4.182472328,3.96930793,3.50938283,3.025625055,2.674515489,2.44092428,2.367408337,2.402005282
Libya,LBY,Population growth (annual %),SP.POP.GROW,1.645070956,1.632477374,1.662958359,1.709228768,1.803939566,1.855743466,1.733501852,1.389254747,0.914152219,0.365690417,-0.083502662,-0.277559486,-0.111824622,0.310335181
Liechtenstein,LIE,Population growth (annual %),SP.POP.GROW,0.981414363,0.86403115,0.810356023,0.815319767,0.825801558,0.82186032,0.815160799,0.789129226,0.752632219,0.716908019,0.692780427,0.674515973,0.66195113,0.654933707
Lithuania,LTU,Population growth (annual %),SP.POP.GROW,-0.802765711,-0.812278097,-1.122991275,-1.628401126,-1.596378318,-1.187947957,-1.028483175,-1.110345754,-2.09694342,-2.258463899,-1.341201988,-1.012007368,-0.859827343,-0.7588483
Luxembourg,LUX,Population growth (annual %),SP.POP.GROW,1.047660816,1.21520088,1.421332565,1.530054663,1.595051918,1.544386847,1.787496632,1.85177523,1.825405804,2.222660503,2.4015419,2.311176253,2.356978705,2.372590743
"Macao SAR, China",MAC,Population growth (annual %),SP.POP.GROW,1.380557956,1.469635315,1.721084169,2.065404348,2.44326553,2.733452117,2.849749374,2.747579949,2.5040346,2.229984352,2.006686044,1.828586444,1.720506326,1.66315866
"Macedonia, FYR",MKD,Population growth (annual %),SP.POP.GROW,0.351629418,0.259336347,0.219525687,0.218065829,0.216907521,0.199914333,0.186963141,0.177629352,0.1709629,0.166895571,0.163572988,0.158046763,0.148595745,0.136155385
Madagascar,MDG,Population growth (annual %),SP.POP.GROW,3.034717262,2.997437224,2.960011002,2.923770107,2.886974133,2.853295731,2.828675636,2.814994179,2.80871215,2.803539277,2.79671094,2.790366962,2.783869737,2.776657016
Malawi,MWI,Population growth (annual %),SP.POP.GROW,2.550824917,2.527396006,2.589260358,2.705167734,2.819473474,2.90124051,2.965537086,3.006453703,3.029681654,3.047170654,3.06305957,3.071306757,3.072287728,3.06701458
Malaysia,MYS,Population growth (annual %),SP.POP.GROW,1.990896614,1.89749033,1.843038812,1.815480306,1.793868412,1.764630625,1.731284063,1.690201436,1.643919239,1.599788019,1.559092963,1.516364769,1.470952411,1.424525514
Maldives,MDV,Population growth (annual %),SP.POP.GROW,1.697833653,2.32955626,2.59754864,2.843793532,3.670136685,4.692943222,3.657228962,-0.554018038,1.92578166,2.688333939,2.099814684,2.056627758,2.015181544,2.015218235
Mali,MLI,Population growth (annual %),SP.POP.GROW,3.004003819,3.073077219,3.143023222,3.206798967,3.272810645,3.319830615,3.317912565,3.258899095,3.166317409,3.063427622,2.980985575,2.934149407,2.933420467,2.96208132
Malta,MLT,Population growth (annual %),SP.POP.GROW,0.745506921,0.657732334,0.671628455,0.637436918,0.364336947,0.348755082,0.650655461,0.753906931,0.491182811,0.423700885,0.762696599,0.929969957,0.938015995,0.924430449
Marshall Islands,MHL,Population growth (annual %),SP.POP.GROW,-0.044084528,-0.088227402,-0.07870313,-0.030730227,0.042251628,0.107469113,0.162902381,0.191310728,0.204297964,0.215301744,0.231930449,0.233288236,0.211952693,0.179429839
Mauritania,MRT,Population growth (annual %),SP.POP.GROW,3.104185153,3.072728522,2.987058225,2.869000272,2.741793696,2.634014717,2.558914216,2.526708994,2.522871021,2.524554247,2.516014143,2.500002419,2.472382509,2.437266267
Mauritius,MUS,Population growth (annual %),SP.POP.GROW,0.694240135,0.723661766,0.627103982,0.59209966,0.466403526,0.455526401,0.361630847,0.265537673,0.237886693,0.160140421,0.277321026,0.220398692,0.181061469,0.132433083
Mexico,MEX,Population growth (annual %),SP.POP.GROW,1.276108876,1.23326386,1.273015502,1.367034911,1.478745671,1.564702817,1.607530437,1.590096455,1.530765872,1.462665986,1.407149514,1.358093141,1.321217635,1.292705197
"Micronesia, Fed. Sts.",FSM,Population growth (annual %),SP.POP.GROW,-0.174641539,-0.15622153,-0.225876539,-0.354368641,-0.488961602,-0.56936954,-0.58028719,-0.490326411,-0.329511812,-0.138100894,0.038648837,0.194948767,0.313820879,0.399033642
Moldova,MDA,Population growth (annual %),SP.POP.GROW,-0.231579736,-0.281594716,-0.247449868,-0.24330723,-0.277923569,-0.231747161,-0.190345178,-0.126238295,-0.099864634,-0.057820587,-0.01311889,-0.026776865,-0.060970101,-0.063201891
Monaco,MCO,Population growth (annual %),SP.POP.GROW,0.873690416,0.951110694,1.143317783,1.3969578,1.689387903,1.907014439,1.935717504,1.720305459,1.34982103,0.929309441,0.576463195,0.330967045,0.252824448,0.286647222
Mongolia,MNG,Population growth (annual %),SP.POP.GROW,0.977711505,1.039877072,1.110678144,1.187575025,1.260092769,1.331422082,1.412772553,1.506131801,1.601043744,1.696651881,1.769808918,1.793956656,1.757597837,1.678790766
Montenegro,MNE,Population growth (annual %),SP.POP.GROW,0.400750772,0.399151169,0.177216476,0.147929262,0.124299813,0.138110348,0.177475867,0.214529296,0.183239906,0.105041772,0.084147408,0.097599637,0.097022011,0.092911264
Morocco,MAR,Population growth (annual %),SP.POP.GROW,0.968283077,0.933796336,0.936223459,0.966862115,1.001876304,1.036877076,1.087925579,1.155681139,1.230866063,1.312602228,1.380524206,1.410372655,1.390819379,1.336232449
Mozambique,MOZ,Population growth (annual %),SP.POP.GROW,2.917576438,2.952465825,2.940328857,2.898255155,2.851893341,2.820197302,2.80136033,2.799970455,2.808824318,2.819347107,2.821898103,2.813405792,2.790970183,2.759841364
Myanmar,MMR,Population growth (annual %),SP.POP.GROW,1.020321089,0.944399867,0.872632812,0.807402747,0.73919816,0.67934976,0.651129484,0.663517849,0.704713591,0.755643793,0.799532281,0.8338866,0.85196116,0.857130965
Namibia,NAM,Population growth (annual %),SP.POP.GROW,1.375475108,1.156964671,1.115374897,1.205095468,1.317803376,1.414496417,1.549445282,1.717637576,1.900011138,2.098410617,2.272216201,2.369416252,2.369479939,2.302676484
Nauru,NRU,Population growth (annual %),SP.POP.GROW,0.198747954,0.228072884,0.168241912,0.01977457,-0.138504177,-0.257732101,-0.278302535,-0.189290218,-0.02992071,0.179390122,0.357817696,0.455356162,0.502439361,0.451025375
Nepal,NPL,Population growth (annual %),SP.POP.GROW,1.54562942,1.425253679,1.315175857,1.217714051,1.120831716,1.03851908,0.998557567,1.010945392,1.059488285,1.122298988,1.175139555,1.208880727,1.213172492,1.195940957
Netherlands,NLD,Population growth (annual %),SP.POP.GROW,0.638291666,0.471814399,0.347475412,0.233663148,0.160613669,0.217521601,0.389292461,0.514284545,0.512923101,0.466428782,0.370055035,0.294820793,0.359828173,0.423129432
New Caledonia,NCL,Population growth (annual %),SP.POP.GROW,1.898811419,1.572296047,1.324522675,1.307208157,1.716780362,1.268515953,1.666705249,1.232048439,2.020270732,1.587334916,1.949379468,1.532597048,1.883294833,1.848481467
New Zealand,NZL,Population growth (annual %),SP.POP.GROW,1.737174864,1.973558544,1.486219082,1.12877351,1.21898486,0.932407688,0.848701402,0.999728031,1.111726056,0.762479795,0.548220797,0.768347998,1.510339485,1.889045125
Nicaragua,NIC,Population growth (annual %),SP.POP.GROW,1.382082778,1.328024441,1.304724155,1.302737193,1.309215098,1.310623904,1.302659875,1.280014607,1.24738592,1.213733585,1.185260958,1.16069741,1.141643124,1.126323245
Niger,NER,Population growth (annual %),SP.POP.GROW,3.657356213,3.664509547,3.677817913,3.696774712,3.712770463,3.731442939,3.76570681,3.817856892,3.878551666,3.93868617,3.986946865,4.018254883,4.029436517,4.026868931
Nigeria,NGA,Population growth (annual %),SP.POP.GROW,2.531932308,2.547767524,2.570243309,2.596229102,2.620386021,2.640346329,2.657617849,2.671498798,2.681132982,2.689511557,2.692683733,2.683650951,2.660487333,2.628044353
Northern Mariana Islands,MNP,Population growth (annual %),SP.POP.GROW,-0.463166082,-1.37734518,-2.122662996,-2.71403089,-3.37612135,-4.00623945,-4.180436937,-3.671196064,-2.595073056,-1.169079743,0.150167089,1.035621247,1.23975391,0.965239086
Norway,NOR,Population growth (annual %),SP.POP.GROW,0.539290805,0.586532692,0.59093094,0.681072964,0.805392739,1.034734515,1.246333015,1.261127289,1.24566618,1.297189391,1.313440989,1.209141589,1.127736677,1.135948168
Oman,OMN,Population growth (annual %),SP.POP.GROW,2.204560805,2.628373342,2.612003949,2.369273009,1.837306516,1.568829987,2.231531948,4.056146028,6.370177491,8.658861205,9.932044759,9.715497284,8.08855916,5.834030073
Pakistan,PAK,Population growth (annual %),SP.POP.GROW,2.093909912,2.04446758,2.02780804,2.034422006,2.044604691,2.051014965,2.062431388,2.077630164,2.093541936,2.109817506,2.120847369,2.119741418,2.103437242,2.075426376
Palau,PLW,Population growth (annual %),SP.POP.GROW,0.877401149,0.636539387,0.531579533,0.51369976,0.526066495,0.528284309,0.540340886,0.576768255,0.617437155,0.662189585,0.725306598,0.78224754,0.847301337,0.915359793
Panama,PAN,Population growth (annual %),SP.POP.GROW,1.856426019,1.820778967,1.797941153,1.783961746,1.770720391,1.754424273,1.737980344,1.72068036,1.70215228,1.68365843,1.664034174,1.640475475,1.612187734,1.580347373
Papua New Guinea,PNG,Population growth (annual %),SP.POP.GROW,2.515760534,2.485738991,2.462320899,2.442252821,2.422454527,2.397397122,2.363973148,2.320358512,2.270452936,2.21914588,2.171568012,2.12946144,2.094693178,2.06524682
Paraguay,PRY,Population growth (annual %),SP.POP.GROW,1.868817695,1.787164681,1.693757345,1.595809584,1.495178257,1.407117529,1.348044032,1.325952007,1.329762422,1.341805404,1.347759774,1.346974638,1.334291611,1.31304732
Peru,PER,Population growth (annual %),SP.POP.GROW,1.286744271,1.256195169,1.237592908,1.22886356,1.222296627,1.219052737,1.226962363,1.247387717,1.274808461,1.306373763,1.331414618,1.339495248,1.32499896,1.294398755
Philippines,PHL,Population growth (annual %),SP.POP.GROW,2.100572391,2.042313271,1.938993199,1.80998911,1.671011435,1.554881104,1.48567668,1.478287249,1.512932342,1.559517527,1.591573066,1.605863369,1.593253248,1.562001289
Poland,POL,Population growth (annual %),SP.POP.GROW,-0.046318937,-0.067492702,-0.058512735,-0.043948953,-0.063370574,-0.054305021,0.01363738,0.067763227,-0.285609122,0.053769709,-0.000239076,-0.060360017,-0.074846229,-0.032208399
Portugal,PRT,Population growth (annual %),SP.POP.GROW,0.54766794,0.375411415,0.23912899,0.185532267,0.180332441,0.196304384,0.14419128,0.095330859,0.045910037,-0.147084879,-0.405421788,-0.548815211,-0.539190467,-0.505203316
Puerto Rico,PRI,Population growth (annual %),SP.POP.GROW,0.128937306,0.062589906,0.020462636,-0.144242361,-0.423467205,-0.585620757,-0.586677392,-0.545401894,-0.506143186,-1.156458431,-1.210124181,-1.145847802,-1.632787941,-1.732256005
Qatar,QAT,Population growth (annual %),SP.POP.GROW,3.312195655,5.187439439,9.137650388,13.3821613,16.64027704,17.62476956,16.39282527,13.59009481,10.3983646,7.627007888,5.621744628,4.162166517,3.312783791,2.872172418
Romania,ROM,Population growth (annual %),SP.POP.GROW,-1.830654994,-0.721262297,-0.569786273,-0.617530957,-0.59240256,-1.477222982,-1.666382643,-0.833088755,-0.593959184,-0.491866213,-0.445177936,-0.371323063,-0.374575498,-0.385442669
Russian Federation,RUS,Population growth (annual %),SP.POP.GROW,-0.460061305,-0.45371986,-0.40261376,-0.381473696,-0.327318706,-0.171024042,-0.043942262,0.030114067,0.04488739,0.077967098,0.168301591,0.212923595,0.217632655,0.192585837
Rwanda,RWA,Population growth (annual %),SP.POP.GROW,2.489033319,1.711922649,1.627024674,2.01018296,2.443322262,2.672672369,2.800093937,2.7741984,2.648757244,2.520601215,2.441626839,2.381840853,2.35027091,2.336558276
Samoa,WSM,Population growth (annual %),SP.POP.GROW,0.58212506,0.612530813,0.626700997,0.632246574,0.633797135,0.641878288,0.657411345,0.684524866,0.716968833,0.752420791,0.779628486,0.785153167,0.761315436,0.718308449
San Marino,SMR,Population growth (annual %),SP.POP.GROW,1.327081161,1.334247318,1.292453239,1.207590406,1.108666346,1.029584143,0.952800625,0.894528254,0.847504296,0.804833318,0.753505417,0.700097164,0.64776526,0.586974672
Sao Tome and Principe,STP,Population growth (annual %),SP.POP.GROW,2.177500831,2.260998327,2.27981869,2.254468532,2.220089245,2.198112805,2.18201261,2.177291557,2.179477885,2.179951227,2.173789331,2.162635896,2.145837472,2.124926642
Saudi Arabia,SAU,Population growth (annual %),SP.POP.GROW,2.955557701,2.997596207,2.943199518,2.826604789,2.690328656,2.576774423,2.49630748,2.462249153,2.454733368,2.453717424,2.428240616,2.362047073,2.244392708,2.094772383
Senegal,SEN,Population growth (annual %),SP.POP.GROW,2.646781708,2.695562773,2.714505302,2.716283784,2.708882383,2.716171554,2.756206495,2.836967188,2.93827155,3.042076436,3.11852864,3.149652545,3.125624981,3.065259815
Serbia,SRB,Population growth (annual %),SP.POP.GROW,-0.09214695,-0.212738009,-0.233328452,-0.300431133,-0.393204593,-0.405458542,-0.425705552,-0.400994905,-0.402005901,-0.789468998,-0.485299545,-0.486591387,-0.469489291,-0.454416442
Seychelles,SYC,Population growth (annual %),SP.POP.GROW,3.029910009,-1.08109161,-0.362976805,0.48367688,2.029920447,0.510514983,2.236282715,0.392530948,2.792329069,-2.628656355,0.98098019,1.792385936,1.654753698,1.627816736
Sierra Leone,SLE,Population growth (annual %),SP.POP.GROW,4.674486132,4.974578104,4.681713698,4.04016508,3.334319256,2.781626057,2.395984622,2.244800874,2.253565006,2.276660808,2.246551474,2.220706908,2.189341169,2.154661413
Singapore,SGP,Population growth (annual %),SP.POP.GROW,0.912639806,-1.474532842,1.251916673,2.350511289,3.129389156,4.166002864,5.321517083,3.015949915,1.771832879,2.084902456,2.45339033,1.619308099,1.298440178,1.186376937
Sint Maarten (Dutch part),SXM,Population growth (annual %),SP.POP.GROW,4.320333079,3.689610138,4.417121831,4.479641698,3.553376341,3.067188411,2.492621543,-3.329829818,-9.816606702,-5.919677828,3.540582819,5.523039526,2.902265834,2.959615771
Slovak Republic,SVK,Population growth (annual %),SP.POP.GROW,-0.036352551,-0.065821507,-0.02036172,0.009809134,0.004597119,0.029178401,0.0857553,0.133257321,0.093191273,0.128936463,0.170183855,0.107458009,0.097045422,0.09962465
Slovenia,SVN,Population growth (annual %),SP.POP.GROW,0.123915442,0.060296779,0.064066202,0.173208905,0.319114537,0.559207816,0.158140844,0.903875535,0.436079485,0.207732702,0.210024306,0.135726229,0.098351922,0.086675197
Solomon Islands,SLB,Population growth (annual %),SP.POP.GROW,2.646386851,2.600785458,2.541408386,2.473304545,2.402165142,2.335448476,2.277380352,2.230942368,2.192328693,2.15664129,2.118940901,2.076577055,2.027864725,1.976249726
Somalia,SOM,Population growth (annual %),SP.POP.GROW,2.813509398,2.671240385,2.602331557,2.582798232,2.565170118,2.524305216,2.478553963,2.425701224,2.375025309,2.320627603,2.287968435,2.310510236,2.399954384,2.530424963
South Africa,ZAF,Population growth (annual %),SP.POP.GROW,1.191627586,1.280989462,1.310136668,1.339498136,1.369088836,1.39892343,1.429016231,1.459381174,1.490031778,1.520981111,1.552241754,1.583825768,1.615744656,1.648009331
South Sudan,SSD,Population growth (annual %),SP.POP.GROW,3.738467753,3.617569923,3.727068257,3.971966797,4.179987797,4.2858387,4.362664428,4.403674288,4.404234993,4.412208716,4.379338118,4.219025174,3.915536494,3.535299267
Spain,ESP,Population growth (annual %),SP.POP.GROW,1.643976833,1.808454468,1.725466303,1.689349047,1.690352556,1.851081308,1.595330499,0.885735981,0.460408305,0.355338396,0.064925963,-0.32766904,-0.298951059,-0.134797808
Sri Lanka,LKA,Population growth (annual %),SP.POP.GROW,0.752600542,0.757459831,0.751765483,0.756480291,0.755923688,0.755336856,0.754720564,0.754075562,0.753402591,0.752702375,0.756871948,0.756045842,0.928664473,0.934429494
St. Kitts and Nevis,KNA,Population growth (annual %),SP.POP.GROW,1.543760731,1.57693299,1.54625629,1.465745828,1.372334764,1.290366218,1.236747483,1.213904606,1.22035934,1.226403601,1.222729209,1.20611739,1.177184174,1.136499257
St. Lucia,LCA,Population growth (annual %),SP.POP.GROW,0.983486984,0.962164045,1.04235191,1.182855592,1.350515778,1.474263088,1.50670003,1.418145489,1.248481161,1.05475149,0.895143802,0.779199691,0.732343757,0.734587346
St. Martin (French part),MAF,Population growth (annual %),SP.POP.GROW,-1.202216102,-0.317443209,0.550323017,1.414675343,1.804026198,1.713260908,1.61634239,1.50012949,1.382088439,1.24898912,1.117366353,0.98035274,0.84721977,0.70792281
St. Vincent and the Grenadines,VCT,Population growth (annual %),SP.POP.GROW,0.148978231,0.18844923,0.192700493,0.171182489,0.146101461,0.129383337,0.106317661,0.08241004,0.055817104,0.022866865,-0.006402195,-0.006402605,0.030180121,0.093226465
Sudan,SDN,Population growth (annual %),SP.POP.GROW,2.620567699,2.655033783,2.634534419,2.576817585,2.52811271,2.495061633,2.443819283,2.37130331,2.289869013,2.199935755,2.12850184,2.10607592,2.145269562,2.223139283
Suriname,SUR,Population growth (annual %),SP.POP.GROW,0.424738475,0.281339773,0.342084344,0.547636114,0.80044802,1.003112014,1.132196173,1.150939088,1.090376907,1.017309413,0.968852816,0.925631735,0.895407485,0.874385787
Swaziland,SWZ,Population growth (annual %),SP.POP.GROW,0.688935297,0.530288634,0.625459037,0.897243787,1.220252621,1.477930035,1.651437971,1.699794157,1.657974402,1.605451163,1.574075358,1.526576224,1.466122343,1.397317501
Sweden,SWE,Population growth (annual %),SP.POP.GROW,0.325438068,0.372092943,0.393298991,0.399942763,0.562483906,0.741552515,0.779033291,0.851904413,0.852524629,0.755150134,0.739763272,0.847348652,0.992219729,1.054240081
Switzerland,CHE,Population growth (annual %),SP.POP.GROW,0.756469146,0.741919603,0.68742596,0.64060154,0.627558473,0.893690978,1.270618074,1.249484631,1.041558058,1.111878943,1.061819329,1.149879758,1.220103973,1.193619877
Syrian Arab Republic,SYR,Population growth (annual %),SP.POP.GROW,1.799333744,1.788976941,2.101926376,2.574822617,3.230564009,3.656122004,3.398175706,2.310819093,0.744689366,-1.064665967,-2.581230233,-3.339447599,-2.888301216,-1.449086486
Tajikistan,TJK,Population growth (annual %),SP.POP.GROW,1.828918128,1.953060015,2.026767511,2.063969936,2.092532736,2.127767563,2.160607915,2.193661473,2.223734022,2.246224545,2.257101207,2.256120085,2.242280464,2.217499154
Tanzania,TZA,Population growth (annual %),SP.POP.GROW,2.703646244,2.779948712,2.858707167,2.935931106,3.013717389,3.084404535,3.135947349,3.164198102,3.174633736,3.178986665,3.18024412,3.17194552,3.154369428,3.130185102
Thailand,THA,Population growth (annual %),SP.POP.GROW,1.13130893,1.05555737,0.901956646,0.700020026,0.470338074,0.270261425,0.150117311,0.14276839,0.21589135,0.315781584,0.389614385,0.426833946,0.406217867,0.344002136
Timor-Leste,TMP,Population growth (annual %),SP.POP.GROW,3.293220526,3.793099216,3.51007063,1.706365575,1.706253206,1.706353122,1.706254845,1.706344969,1.706321402,4.938169461,2.51768206,2.671746667,2.678725623,2.678741046
Togo,TGO,Population growth (annual %),SP.POP.GROW,2.684185277,2.701709022,2.713175017,2.71971181,2.722549004,2.723124396,2.721732498,2.718787278,2.713595479,2.7064644,2.695554347,2.67873238,2.6553193,2.627313426
Tonga,TON,Population growth (annual %),SP.POP.GROW,0.578408108,0.605204983,0.620523229,0.628595096,0.641417464,0.650054333,0.631267799,0.581870605,0.512146488,0.42718903,0.360488244,0.352535762,0.424250251,0.55157963
Trinidad and Tobago,TTO,Population growth (annual %),SP.POP.GROW,0.427963227,0.484955039,0.503615819,0.494538525,0.477525778,0.4684588,0.465742325,0.474176807,0.488430121,0.502839147,0.507330234,0.495275973,0.461979352,0.412957183
Tunisia,TUN,Population growth (annual %),SP.POP.GROW,1.013436855,0.928092752,0.936675504,0.967875541,0.981309563,0.95514901,1.010030967,1.066047605,1.024467307,1.19412,0.966848702,1.006286187,1.00626446,1.006143013
Turkey,TUR,Population growth (annual %),SP.POP.GROW,1.458665151,1.424498963,1.373267794,1.315792199,1.236206437,1.173171827,1.185293292,1.295093417,1.461468388,1.654851402,1.795854989,1.81963886,1.691319352,1.462404951
Turkmenistan,TKM,Population growth (annual %),SP.POP.GROW,1.057928335,1.035107069,1.045284208,1.079196029,1.125837896,1.172725711,1.213340559,1.241242507,1.258080321,1.274608293,1.289346555,1.28969065,1.272383604,1.241770937
Turks and Caicos Islands,TCA,Population growth (annual %),SP.POP.GROW,7.416458688,7.409482974,6.662661377,5.53808331,4.408019688,3.539815207,2.90114808,2.565101796,2.436436653,2.340668084,2.191586694,2.05399924,1.90601644,1.759765737
Tuvalu,TUV,Population growth (annual %),SP.POP.GROW,0.621021942,0.627617123,0.582243275,0.496381578,0.39122875,0.328272761,0.245499305,0.204123361,0.193532019,0.172843315,0.162403609,0.162140287,0.171986486,0.232217783
Uganda,UGA,Population growth (annual %),SP.POP.GROW,3.292012632,3.342977964,3.36405215,3.364054888,3.360961193,3.360155303,3.352320426,3.337887872,3.319376771,3.296334558,3.274085878,3.259151066,3.25376537,3.253313645
Ukraine,UKR,Population growth (annual %),SP.POP.GROW,-0.993677409,-0.811436362,-0.758627911,-0.732790732,-0.676092035,-0.596804887,-0.541462211,-0.443932417,-0.397285236,-0.359480081,-0.24709923,-0.22770475,-0.278913805,-0.363732732
United Arab Emirates,ARE,Population growth (annual %),SP.POP.GROW,5.330874874,6.60475571,9.218805369,11.98015649,14.30513851,15.03259817,13.81006038,11.03823756,7.787342107,4.750832934,2.463139721,0.971922647,0.509332471,0.776450801
United Kingdom,GBR,Population growth (annual %),SP.POP.GROW,0.42333708,0.465641114,0.568943113,0.686611306,0.735048678,0.778666112,0.787032622,0.75639086,0.783888647,0.781677289,0.695315843,0.669533807,0.753349499,0.809355273
United States,USA,Population growth (annual %),SP.POP.GROW,0.927797486,0.859481713,0.925483969,0.921713167,0.964253917,0.951055243,0.945865287,0.876651299,0.835991599,0.763850091,0.761807514,0.737405823,0.780696606,0.784422626
Uruguay,URY,Population growth (annual %),SP.POP.GROW,0.019985349,-0.064117529,-0.046347726,0.045475709,0.163235322,0.261108614,0.331271932,0.355368952,0.345931689,0.33124173,0.32858784,0.329653736,0.338250791,0.351449062
Uzbekistan,UZB,Population growth (annual %),SP.POP.GROW,1.223831519,1.163675244,1.153769215,1.163350224,1.220216354,1.423474897,1.605327363,1.687340969,2.822849683,2.684015505,1.472099988,1.561904333,1.686900359,1.746175357
Vanuatu,VUT,Population growth (annual %),SP.POP.GROW,2.436682025,2.548239278,2.570674939,2.53012754,2.481200845,2.448861532,2.416065745,2.388535819,2.362441028,2.332724587,2.297730303,2.26389489,2.233477212,2.203953324
"Venezuela, RB",VEN,Population growth (annual %),SP.POP.GROW,1.823355163,1.788731067,1.751672806,1.712932557,1.67483125,1.637549983,1.599166499,1.559408686,1.519073331,1.478496783,1.43927434,1.402999946,1.370475368,1.34061295
Vietnam,VNM,Population growth (annual %),SP.POP.GROW,1.159864341,1.162101037,1.197021404,1.166721103,1.109343538,1.083161816,1.063214084,1.059119876,1.049400377,1.061609762,1.074219517,1.064362311,1.074206788,1.068787866
Virgin Islands (U.S.),VIR,Population growth (annual %),SP.POP.GROW,-0.164362854,-0.113734622,-0.124979765,-0.080625361,-0.151231919,-0.257527231,-0.309537154,-0.359217965,-0.413196565,-0.455551575,-0.482330521,-0.512352796,-0.542826609,-0.573784692
West Bank and Gaza,WBG,Population growth (annual %),SP.POP.GROW,2.555284566,2.555247556,2.555275892,2.555262373,2.555258675,2.55525196,2.882426272,2.89186775,2.898628666,2.997037636,3.006264051,2.984616054,2.957994955,2.924690711
"Yemen, Rep.",YEM,Population growth (annual %),SP.POP.GROW,2.831814855,2.836987908,2.837468451,2.833150081,2.834859416,2.837582104,2.824087223,2.789800585,2.740442568,2.688890887,2.638108669,2.580375171,2.515593122,2.446705472
Zambia,ZMB,Population growth (annual %),SP.POP.GROW,2.533995531,2.535172579,2.588548523,2.675518058,2.767149875,2.843857012,2.908179206,2.954641174,2.987173419,3.015603249,3.042138971,3.060273408,3.069640155,3.071812067
Zimbabwe,ZWE,Population growth (annual %),SP.POP.GROW,0.691376951,0.649749574,0.730570573,0.901978037,1.099291258,1.285552187,1.475502318,1.657380651,1.826380198,1.995816152,2.15052321,2.257866817,2.307451177,2.313958203
